scenario_type,parameter,state_count,storage_policy,baseline_source,level,seed,status,alternation_rounds,accepted_rounds,checked_candidates,selected_candidate,migration_count,task_search_status,cost_CNY,carbon_tCO2,network_latency_ms,service_quality,realtime_sla_rate,on_time_rate,max_wait_h,p95_wait_h,mean_wait_h,renewable_utilization,peak_grid_purchase_MW,ramp_MW,constraints_satisfied,non_Pareto,result_level,termination_status
baseline,baseline,21,cost_min,joint_baseline_same_policy_and_state_grid,1.0,,completed,2,0,1200,a41cb539165c17886e64db1354c578cabd263ef82ee1872e89cc46738df03888,1342,searched_no_improvement,-458788576.5268564,0.0,6.201629068093012,0.9636325091063271,1.0,1.0,219.0,0.0,0.03774,0.7114060257387902,0.0,0.0,1,True,scenario-feasible,no_improvement
carbon_constraint,carbon_reduction,21,cost_min,joint_baseline_same_policy_and_state_grid,0.0,,completed,2,0,1200,a41cb539165c17886e64db1354c578cabd263ef82ee1872e89cc46738df03888,1342,searched_no_improvement,-458788576.5268564,0.0,6.201629068093012,0.9636325091063271,1.0,1.0,219.0,0.0,0.03774,0.7114060257387902,0.0,0.0,1,True,scenario-feasible,no_improvement
carbon_constraint,carbon_reduction,21,cost_min,joint_baseline_same_policy_and_state_grid,0.1,,completed,2,0,1200,a41cb539165c17886e64db1354c578cabd263ef82ee1872e89cc46738df03888,1342,searched_no_improvement,-458788576.5268564,0.0,6.201629068093012,0.9636325091063271,1.0,1.0,219.0,0.0,0.03774,0.7114060257387902,0.0,0.0,1,True,scenario-feasible,no_improvement
carbon_constraint,carbon_reduction,21,cost_min,joint_baseline_same_policy_and_state_grid,0.2,,completed,2,0,1200,a41cb539165c17886e64db1354c578cabd263ef82ee1872e89cc46738df03888,1342,searched_no_improvement,-458788576.5268564,0.0,6.201629068093012,0.9636325091063271,1.0,1.0,219.0,0.0,0.03774,0.7114060257387902,0.0,0.0,1,True,scenario-feasible,no_improvement
carbon_constraint,carbon_reduction,21,cost_min,joint_baseline_same_policy_and_state_grid,0.3,,completed,2,0,1200,a41cb539165c17886e64db1354c578cabd263ef82ee1872e89cc46738df03888,1342,searched_no_improvement,-458788576.5268564,0.0,6.201629068093012,0.9636325091063271,1.0,1.0,219.0,0.0,0.03774,0.7114060257387902,0.0,0.0,1,True,scenario-feasible,no_improvement
price_spread,price_scale,21,cost_min,joint_baseline_same_policy_and_state_grid,0.75,,completed,2,0,1200,a41cb539165c17886e64db1354c578cabd263ef82ee1872e89cc46738df03888,1342,searched_no_improvement,-458788576.5268564,0.0,6.201629068093012,0.9636325091063271,1.0,1.0,219.0,0.0,0.03774,0.7114060257387902,0.0,0.0,1,True,scenario-feasible,no_improvement
price_spread,price_scale,21,cost_min,joint_baseline_same_policy_and_state_grid,1.0,,completed,2,0,1200,a41cb539165c17886e64db1354c578cabd263ef82ee1872e89cc46738df03888,1342,searched_no_improvement,-458788576.5268564,0.0,6.201629068093012,0.9636325091063271,1.0,1.0,219.0,0.0,0.03774,0.7114060257387902,0.0,0.0,1,True,scenario-feasible,no_improvement
price_spread,price_scale,21,cost_min,joint_baseline_same_policy_and_state_grid,1.25,,completed,2,0,1200,a41cb539165c17886e64db1354c578cabd263ef82ee1872e89cc46738df03888,1342,searched_no_improvement,-458788576.5268564,0.0,6.201629068093012,0.9636325091063271,1.0,1.0,219.0,0.0,0.03774,0.7114060257387902,0.0,0.0,1,True,scenario-feasible,no_improvement
sell_mechanism,sell_scale,21,cost_min,joint_baseline_same_policy_and_state_grid,0.0,,completed,2,0,1200,a41cb539165c17886e64db1354c578cabd263ef82ee1872e89cc46738df03888,1342,searched_no_improvement,0.0,0.0,6.201629068093012,0.9636325091063271,1.0,1.0,219.0,0.0,0.03774,0.6799131387829195,0.0,0.0,1,True,scenario-feasible,no_improvement
sell_mechanism,sell_scale,21,cost_min,joint_baseline_same_policy_and_state_grid,0.5,,completed,2,0,1200,a41cb539165c17886e64db1354c578cabd263ef82ee1872e89cc46738df03888,1342,searched_no_improvement,-229394288.2634282,0.0,6.201629068093012,0.9636325091063271,1.0,1.0,219.0,0.0,0.03774,0.7114060257387902,0.0,0.0,1,True,scenario-feasible,no_improvement
sell_mechanism,sell_scale,21,cost_min,joint_baseline_same_policy_and_state_grid,1.0,,completed,2,0,1200,a41cb539165c17886e64db1354c578cabd263ef82ee1872e89cc46738df03888,1342,searched_no_improvement,-458788576.5268564,0.0,6.201629068093012,0.9636325091063271,1.0,1.0,219.0,0.0,0.03774,0.7114060257387902,0.0,0.0,1,True,scenario-feasible,no_improvement
renewable_level,renewable_scale,21,cost_min,joint_baseline_same_policy_and_state_grid,0.8,,completed,5,3,3000,93313e808b84852ba999c7454fcc3921ce664e4e469e92dc48ab3125c15f0428,1434,alternating_improved,-395167933.57542133,912.3805320820497,6.45301235481363,0.958791156110376,1.0,1.0,219.0,0.0,0.04298,0.8608906058641472,233.6284004766668,4581.309889673334,1,True,scenario-feasible,no_improvement
renewable_level,renewable_scale,21,cost_min,joint_baseline_same_policy_and_state_grid,1.0,,completed,2,0,1200,a41cb539165c17886e64db1354c578cabd263ef82ee1872e89cc46738df03888,1342,searched_no_improvement,-458788576.5268564,0.0,6.201629068093012,0.9636325091063271,1.0,1.0,219.0,0.0,0.03774,0.7114060257387902,0.0,0.0,1,True,scenario-feasible,no_improvement
renewable_level,renewable_scale,21,cost_min,joint_baseline_same_policy_and_state_grid,1.2,,completed,2,0,1200,a41cb539165c17886e64db1354c578cabd263ef82ee1872e89cc46738df03888,1342,searched_no_improvement,-459341389.2,0.0,6.201629068093012,0.9636325091063271,1.0,1.0,219.0,0.0,0.03774,0.5791842239018327,0.0,0.0,1,True,scenario-feasible,no_improvement
renewable_volatility,seed,21,cost_min,joint_baseline_same_policy_and_state_grid,2026.0,2026.0,completed,2,0,1200,a41cb539165c17886e64db1354c578cabd263ef82ee1872e89cc46738df03888,1342,searched_no_improvement,-454508332.8876821,597.8699180554142,6.201629068093012,0.9636325091063271,1.0,1.0,219.0,0.0,0.03774,0.7109642057572325,263.06431836658385,1908.0665919551961,1,True,scenario-feasible,no_improvement
renewable_volatility,seed,21,cost_min,joint_baseline_same_policy_and_state_grid,2027.0,2027.0,completed,2,0,1200,a41cb539165c17886e64db1354c578cabd263ef82ee1872e89cc46738df03888,1342,searched_no_improvement,-454370075.1833602,636.6864984234433,6.201629068093012,0.9636325091063271,1.0,1.0,219.0,0.0,0.03774,0.7109462384415662,292.4868517445382,2058.5441725425835,1,True,scenario-feasible,no_improvement
renewable_volatility,seed,21,cost_min,joint_baseline_same_policy_and_state_grid,2028.0,2028.0,completed,2,0,1200,a41cb539165c17886e64db1354c578cabd263ef82ee1872e89cc46738df03888,1342,searched_no_improvement,-454661080.97320807,333.55774500774805,6.201629068093012,0.9636325091063271,1.0,1.0,219.0,0.0,0.03774,0.711208287826648,131.04839497235744,1045.0234105112504,1,True,scenario-feasible,no_improvement
