Hour,RegionA,RegionB,RegionC,RegionD,RegionE,RegionF
0,50.75,46.4,43.5,211.5,303.4,276.25
1,35.0,32.0,30.0,130.5,192.7,199.75
2,35.0,32.0,30.0,90.0,118.9,123.25
3,35.0,32.0,30.0,90.0,82.0,85.0
4,35.0,32.0,30.0,90.0,82.0,85.0
5,35.0,32.0,30.0,90.0,82.0,85.0
6,35.0,32.0,30.0,90.0,82.0,85.0
7,35.0,32.0,30.0,90.0,82.0,85.0
8,35.0,32.0,30.0,90.0,82.0,85.0
9,35.0,32.0,30.0,90.0,82.0,85.0
10,35.0,32.0,30.0,90.0,82.0,85.0
11,35.0,32.0,30.0,90.0,82.0,85.0
12,35.0,32.0,30.0,90.0,82.0,85.0
13,35.0,32.0,30.0,90.0,82.0,85.0
14,35.0,32.0,30.0,90.0,82.0,85.0
15,35.0,32.0,30.0,90.0,266.5,276.25
16,35.0,32.0,30.0,211.5,487.9,505.75
17,35.0,32.0,30.0,405.0,635.5,658.75
18,35.0,32.0,30.0,576.0,783.1,735.25
19,35.0,32.0,30.0,657.0,820.0,811.75
20,35.0,32.0,30.0,697.5,820.0,811.75
21,35.0,32.0,30.0,697.5,783.1,773.5
22,35.0,32.0,30.0,657.0,672.4,658.75
23,35.0,32.0,30.0,535.5,524.8,544.0
24,35.0,32.0,30.0,405.0,414.09999999999997,391.0
25,35.0,32.0,30.0,252.0,266.5,276.25
26,35.0,32.0,30.0,130.5,155.8,161.5
27,35.0,32.0,30.0,90.0,82.0,85.0
28,35.0,32.0,30.0,90.0,82.0,85.0
29,35.0,32.0,30.0,90.0,82.0,85.0
30,35.0,32.0,30.0,90.0,82.0,85.0
31,35.0,32.0,30.0,90.0,82.0,85.0
32,35.0,32.0,30.0,90.0,82.0,85.0
33,35.0,32.0,30.0,90.0,82.0,85.0
34,35.0,32.0,30.0,90.0,82.0,85.0
35,35.0,32.0,30.0,90.0,82.0,85.0
36,35.0,32.0,30.0,90.0,82.0,85.0
37,35.0,32.0,30.0,90.0,82.0,85.0
38,35.0,32.0,30.0,90.0,82.0,85.0
39,35.0,32.0,30.0,90.0,155.8,238.0
40,35.0,32.0,30.0,252.0,377.2,467.5
41,35.0,32.0,30.0,454.5,598.6,620.5
42,35.0,32.0,30.0,616.5,709.3,735.25
43,35.0,32.0,30.0,697.5,783.1,811.75
44,35.0,32.0,30.0,738.0,783.1,850.0
45,35.0,32.0,30.0,697.5,709.3,773.5
46,35.0,32.0,30.0,616.5,561.7,658.75
47,35.0,32.0,30.0,495.0,451.0,582.25
48,35.0,32.0,30.0,373.5,303.4,391.0
49,35.0,32.0,30.0,252.0,192.7,276.25
50,35.0,32.0,30.0,171.0,118.9,161.5
51,35.0,32.0,30.0,90.0,82.0,85.0
52,35.0,32.0,30.0,90.0,82.0,85.0
53,35.0,32.0,30.0,90.0,82.0,85.0
54,35.0,32.0,30.0,90.0,82.0,85.0
55,35.0,32.0,30.0,90.0,82.0,85.0
56,35.0,32.0,30.0,90.0,82.0,85.0
57,35.0,32.0,30.0,90.0,82.0,85.0
58,35.0,32.0,30.0,90.0,82.0,85.0
59,35.0,32.0,30.0,90.0,82.0,85.0
60,35.0,32.0,30.0,90.0,82.0,85.0
61,35.0,32.0,30.0,90.0,82.0,85.0
62,35.0,32.0,30.0,90.0,82.0,85.0
63,35.0,32.0,30.0,90.0,155.8,314.5
64,35.0,32.0,30.0,171.0,370.0,505.75
65,35.0,32.0,30.0,373.5,561.7,697.0
66,35.0,32.0,30.0,535.5,672.4,811.75
67,35.0,32.0,30.0,657.0,709.3,850.0
68,35.0,32.0,30.0,657.0,709.3,850.0
69,35.0,32.0,30.0,616.5,635.5,773.5
70,35.0,32.0,30.0,535.5,561.7,697.0
71,35.0,32.0,30.0,405.0,451.0,582.25
72,35.0,32.0,30.0,292.5,340.3,429.25
73,35.0,32.0,30.0,171.0,192.7,276.25
74,35.0,32.0,30.0,90.0,118.9,123.25
75,35.0,32.0,30.0,90.0,82.0,85.0
76,35.0,32.0,30.0,90.0,82.0,85.0
77,35.0,32.0,30.0,90.0,82.0,85.0
78,35.0,32.0,30.0,90.0,82.0,85.0
79,35.0,32.0,30.0,90.0,82.0,85.0
80,35.0,32.0,30.0,90.0,82.0,85.0
81,35.0,32.0,30.0,90.0,82.0,85.0
82,35.0,32.0,30.0,90.0,82.0,85.0
83,35.0,32.0,30.0,90.0,82.0,85.0
84,35.0,32.0,30.0,90.0,82.0,85.0
85,35.0,32.0,30.0,90.0,82.0,85.0
86,35.0,32.0,30.0,90.0,82.0,85.0
87,35.0,32.0,30.0,90.0,266.5,238.0
88,35.0,32.0,30.0,90.0,487.9,467.5
89,35.0,32.0,30.0,292.5,635.5,658.75
90,35.0,32.0,30.0,454.5,746.1999999999999,773.5
91,35.0,32.0,30.0,535.5,820.0,850.0
92,35.0,32.0,30.0,535.5,820.0,850.0
93,35.0,32.0,30.0,535.5,746.1999999999999,773.5
94,35.0,32.0,30.0,454.5,672.4,697.0
95,35.0,32.0,30.0,373.5,561.7,544.0
96,35.0,32.0,30.0,292.5,451.0,391.0
97,35.0,32.0,30.0,211.5,303.4,276.25
98,35.0,32.0,30.0,130.5,155.8,161.5
99,35.0,32.0,30.0,90.0,82.0,85.0
100,35.0,32.0,30.0,90.0,82.0,85.0
101,35.0,32.0,30.0,90.0,82.0,85.0
102,35.0,32.0,30.0,90.0,82.0,85.0
103,35.0,32.0,30.0,90.0,82.0,85.0
104,35.0,32.0,30.0,90.0,82.0,85.0
105,35.0,32.0,30.0,90.0,82.0,85.0
106,35.0,32.0,30.0,90.0,82.0,85.0
107,35.0,32.0,30.0,90.0,82.0,85.0
108,35.0,32.0,30.0,90.0,82.0,85.0
109,35.0,32.0,30.0,90.0,82.0,85.0
110,35.0,32.0,30.0,90.0,82.0,123.25
111,35.0,32.0,30.0,90.0,118.9,352.75
112,35.0,32.0,30.0,90.0,340.3,582.25
113,35.0,32.0,30.0,130.5,561.7,735.25
114,35.0,32.0,30.0,252.0,672.4,811.75
115,35.0,32.0,30.0,333.0,709.3,850.0
116,35.0,32.0,30.0,373.5,709.3,850.0
117,35.0,32.0,30.0,373.5,635.5,811.75
118,35.0,32.0,30.0,333.0,487.9,735.25
119,35.0,32.0,30.0,292.5,370.0,582.25
120,35.0,32.0,30.0,211.5,229.6,467.5
121,35.0,32.0,30.0,90.0,118.9,314.5
122,35.0,32.0,30.0,90.0,82.0,238.0
123,35.0,32.0,30.0,90.0,82.0,123.25
124,35.0,32.0,30.0,90.0,82.0,85.0
125,35.0,32.0,30.0,90.0,82.0,85.0
126,35.0,32.0,30.0,90.0,82.0,85.0
127,35.0,32.0,30.0,90.0,82.0,85.0
128,35.0,32.0,30.0,90.0,82.0,85.0
129,35.0,32.0,30.0,90.0,82.0,85.0
130,35.0,32.0,30.0,90.0,82.0,85.0
131,35.0,32.0,30.0,90.0,82.0,85.0
132,35.0,32.0,30.0,90.0,82.0,85.0
133,35.0,32.0,30.0,90.0,82.0,85.0
134,35.0,32.0,30.0,90.0,82.0,85.0
135,35.0,32.0,30.0,90.0,229.6,314.5
136,35.0,32.0,30.0,90.0,451.0,544.0
137,35.0,32.0,30.0,292.5,635.5,697.0
138,35.0,32.0,30.0,454.5,709.3,811.75
139,35.0,32.0,30.0,535.5,746.1999999999999,850.0
140,35.0,32.0,30.0,576.0,746.1999999999999,850.0
141,35.0,32.0,30.0,535.5,709.3,773.5
142,35.0,32.0,30.0,495.0,635.5,658.75
143,35.0,32.0,30.0,373.5,487.9,505.75
144,35.0,32.0,30.0,292.5,340.3,382.5
145,35.0,32.0,30.0,171.0,229.6,276.25
146,35.0,32.0,30.0,90.0,118.9,161.5
147,35.0,32.0,30.0,90.0,82.0,85.0
148,35.0,32.0,30.0,90.0,82.0,85.0
149,35.0,32.0,30.0,90.0,82.0,85.0
150,35.0,32.0,30.0,90.0,82.0,85.0
151,35.0,32.0,30.0,90.0,82.0,85.0
152,35.0,32.0,30.0,90.0,82.0,85.0
153,35.0,32.0,30.0,90.0,82.0,85.0
154,35.0,32.0,30.0,90.0,82.0,85.0
155,35.0,32.0,30.0,90.0,82.0,85.0
156,35.0,32.0,30.0,90.0,82.0,85.0
157,35.0,32.0,30.0,90.0,82.0,85.0
158,35.0,32.0,30.0,90.0,82.0,85.0
159,35.0,32.0,30.0,90.0,82.0,123.25
160,35.0,32.0,30.0,333.0,266.5,352.75
161,35.0,32.0,30.0,535.5,451.0,544.0
162,35.0,32.0,30.0,697.5,598.6,658.75
163,35.0,32.0,30.0,778.5,672.4,735.25
164,35.0,32.0,30.0,778.5,672.4,697.0
165,35.0,32.0,30.0,738.0,635.5,658.75
166,35.0,32.0,30.0,616.5,561.7,582.25
167,35.0,32.0,30.0,495.0,487.9,467.5
168,35.0,32.0,30.0,373.5,370.0,382.5
169,35.0,32.0,30.0,252.0,266.5,276.25
170,35.0,32.0,30.0,130.5,155.8,161.5
171,35.0,32.0,30.0,90.0,118.9,85.0
172,35.0,32.0,30.0,90.0,82.0,85.0
173,35.0,32.0,30.0,90.0,82.0,85.0
174,35.0,32.0,30.0,90.0,82.0,85.0
175,35.0,32.0,30.0,90.0,82.0,85.0
176,35.0,32.0,30.0,90.0,82.0,85.0
177,35.0,32.0,30.0,90.0,82.0,85.0
178,35.0,32.0,30.0,90.0,82.0,85.0
179,35.0,32.0,30.0,90.0,82.0,85.0
180,35.0,32.0,30.0,90.0,82.0,85.0
181,35.0,32.0,30.0,90.0,82.0,85.0
182,35.0,32.0,30.0,90.0,82.0,85.0
183,35.0,32.0,30.0,90.0,229.6,276.25
184,35.0,32.0,30.0,252.0,451.0,505.75
185,35.0,32.0,30.0,454.5,635.5,697.0
186,35.0,32.0,30.0,576.0,746.1999999999999,811.75
187,35.0,32.0,30.0,657.0,820.0,850.0
188,35.0,32.0,30.0,657.0,783.1,811.75
189,35.0,32.0,30.0,657.0,709.3,773.5
190,35.0,32.0,30.0,616.5,598.6,658.75
191,35.0,32.0,30.0,495.0,451.0,544.0
192,35.0,32.0,30.0,333.0,340.3,382.5
193,35.0,32.0,30.0,211.5,192.7,238.0
194,35.0,32.0,30.0,130.5,82.0,123.25
195,35.0,32.0,30.0,90.0,82.0,85.0
196,35.0,32.0,30.0,90.0,82.0,85.0
197,35.0,32.0,30.0,90.0,82.0,85.0
198,35.0,32.0,30.0,90.0,82.0,85.0
199,35.0,32.0,30.0,90.0,82.0,85.0
200,35.0,32.0,30.0,90.0,82.0,85.0
201,35.0,32.0,30.0,90.0,82.0,85.0
202,35.0,32.0,30.0,90.0,82.0,85.0
203,35.0,32.0,30.0,90.0,82.0,85.0
204,35.0,32.0,30.0,90.0,82.0,85.0
205,35.0,32.0,30.0,90.0,82.0,85.0
206,35.0,32.0,30.0,90.0,82.0,85.0
207,35.0,32.0,30.0,90.0,229.6,314.5
208,35.0,32.0,30.0,333.0,451.0,544.0
209,35.0,32.0,30.0,535.5,635.5,697.0
210,35.0,32.0,30.0,657.0,783.1,811.75
211,35.0,32.0,30.0,738.0,820.0,850.0
212,35.0,32.0,30.0,778.5,820.0,811.75
213,35.0,32.0,30.0,697.5,746.1999999999999,811.75
214,35.0,32.0,30.0,576.0,672.4,697.0
215,35.0,32.0,30.0,454.5,524.8,544.0
216,35.0,32.0,30.0,333.0,370.0,429.25
217,35.0,32.0,30.0,211.5,229.6,314.5
218,35.0,32.0,30.0,130.5,118.9,199.75
219,35.0,32.0,30.0,90.0,82.0,85.0
220,35.0,32.0,30.0,90.0,82.0,85.0
221,35.0,32.0,30.0,90.0,82.0,85.0
222,35.0,32.0,30.0,90.0,82.0,85.0
223,35.0,32.0,30.0,90.0,82.0,85.0
224,35.0,32.0,30.0,90.0,82.0,85.0
225,35.0,32.0,30.0,90.0,82.0,85.0
226,35.0,32.0,30.0,90.0,82.0,85.0
227,35.0,32.0,30.0,90.0,82.0,85.0
228,35.0,32.0,30.0,90.0,82.0,85.0
229,35.0,32.0,30.0,90.0,82.0,85.0
230,35.0,32.0,30.0,90.0,82.0,85.0
231,35.0,32.0,30.0,90.0,192.7,238.0
232,35.0,32.0,30.0,130.5,414.09999999999997,467.5
233,35.0,32.0,30.0,292.5,635.5,658.75
234,35.0,32.0,30.0,414.0,746.1999999999999,773.5
235,35.0,32.0,30.0,495.0,783.1,850.0
236,35.0,32.0,30.0,535.5,820.0,811.75
237,35.0,32.0,30.0,495.0,746.1999999999999,735.25
238,35.0,32.0,30.0,454.5,672.4,658.75
239,35.0,32.0,30.0,373.5,524.8,544.0
240,35.0,32.0,30.0,292.5,370.0,382.5
241,35.0,32.0,30.0,171.0,229.6,238.0
242,35.0,32.0,30.0,90.0,118.9,123.25
243,35.0,32.0,30.0,90.0,82.0,85.0
244,35.0,32.0,30.0,90.0,82.0,85.0
245,35.0,32.0,30.0,90.0,82.0,85.0
246,35.0,32.0,30.0,90.0,82.0,85.0
247,35.0,32.0,30.0,90.0,82.0,85.0
248,35.0,32.0,30.0,90.0,82.0,85.0
249,35.0,32.0,30.0,90.0,82.0,85.0
250,35.0,32.0,30.0,90.0,82.0,85.0
251,35.0,32.0,30.0,90.0,82.0,85.0
252,35.0,32.0,30.0,90.0,82.0,85.0
253,35.0,32.0,30.0,90.0,82.0,85.0
254,35.0,32.0,30.0,90.0,82.0,85.0
255,35.0,32.0,30.0,90.0,229.6,314.5
256,35.0,32.0,30.0,211.5,451.0,544.0
257,35.0,32.0,30.0,405.0,635.5,697.0
258,35.0,32.0,30.0,535.5,746.1999999999999,811.75
259,35.0,32.0,30.0,616.5,820.0,850.0
260,35.0,32.0,30.0,657.0,783.1,850.0
261,35.0,32.0,30.0,657.0,746.1999999999999,773.5
262,35.0,32.0,30.0,576.0,635.5,658.75
263,35.0,32.0,30.0,454.5,487.9,544.0
264,35.0,32.0,30.0,292.5,370.0,429.25
265,35.0,32.0,30.0,211.5,266.5,276.25
266,35.0,32.0,30.0,171.0,155.8,161.5
267,35.0,32.0,30.0,90.0,82.0,85.0
268,35.0,32.0,30.0,90.0,82.0,85.0
269,35.0,32.0,30.0,90.0,82.0,85.0
270,35.0,32.0,30.0,90.0,82.0,85.0
271,35.0,32.0,30.0,90.0,82.0,85.0
272,35.0,32.0,30.0,90.0,82.0,85.0
273,35.0,32.0,30.0,90.0,82.0,85.0
274,35.0,32.0,30.0,90.0,82.0,85.0
275,35.0,32.0,30.0,90.0,82.0,85.0
276,35.0,32.0,30.0,90.0,82.0,85.0
277,35.0,32.0,30.0,90.0,82.0,85.0
278,35.0,32.0,30.0,90.0,82.0,85.0
279,35.0,32.0,30.0,90.0,229.6,276.25
280,35.0,32.0,30.0,171.0,451.0,505.75
281,35.0,32.0,30.0,405.0,635.5,658.75
282,35.0,32.0,30.0,576.0,746.1999999999999,811.75
283,35.0,32.0,30.0,616.5,820.0,850.0
284,35.0,32.0,30.0,616.5,820.0,811.75
285,35.0,32.0,30.0,616.5,783.1,735.25
286,35.0,32.0,30.0,535.5,709.3,658.75
287,35.0,32.0,30.0,405.0,561.7,544.0
288,35.0,32.0,30.0,292.5,414.09999999999997,391.0
289,35.0,32.0,30.0,211.5,303.4,238.0
290,35.0,32.0,30.0,171.0,192.7,161.5
291,35.0,32.0,30.0,90.0,118.9,85.0
292,35.0,32.0,30.0,90.0,82.0,85.0
293,35.0,32.0,30.0,90.0,82.0,85.0
294,35.0,32.0,30.0,90.0,82.0,85.0
295,35.0,32.0,30.0,90.0,82.0,85.0
296,35.0,32.0,30.0,90.0,82.0,85.0
297,35.0,32.0,30.0,90.0,82.0,85.0
298,35.0,32.0,30.0,90.0,82.0,85.0
299,35.0,32.0,30.0,90.0,82.0,85.0
300,35.0,32.0,30.0,90.0,82.0,85.0
301,35.0,32.0,30.0,90.0,82.0,85.0
302,35.0,32.0,30.0,90.0,82.0,123.25
303,35.0,32.0,30.0,90.0,303.4,352.75
304,35.0,32.0,30.0,90.0,524.8,544.0
305,35.0,32.0,30.0,252.0,672.4,697.0
306,35.0,32.0,30.0,414.0,783.1,811.75
307,35.0,32.0,30.0,535.5,820.0,850.0
308,35.0,32.0,30.0,535.5,820.0,850.0
309,35.0,32.0,30.0,495.0,746.1999999999999,735.25
310,35.0,32.0,30.0,454.5,635.5,620.5
311,35.0,32.0,30.0,373.5,487.9,467.5
312,35.0,32.0,30.0,252.0,340.3,314.5
313,35.0,32.0,30.0,171.0,192.7,199.75
314,35.0,32.0,30.0,130.5,118.9,123.25
315,35.0,32.0,30.0,90.0,82.0,85.0
316,35.0,32.0,30.0,90.0,82.0,85.0
317,35.0,32.0,30.0,90.0,82.0,85.0
318,35.0,32.0,30.0,90.0,82.0,85.0
319,35.0,32.0,30.0,90.0,82.0,85.0
320,35.0,32.0,30.0,90.0,82.0,85.0
321,35.0,32.0,30.0,90.0,82.0,85.0
322,35.0,32.0,30.0,90.0,82.0,85.0
323,35.0,32.0,30.0,90.0,82.0,85.0
324,35.0,32.0,30.0,90.0,82.0,85.0
325,35.0,32.0,30.0,90.0,82.0,85.0
326,35.0,32.0,30.0,90.0,82.0,85.0
327,35.0,32.0,30.0,90.0,266.5,276.25
328,35.0,32.0,30.0,130.5,487.9,505.75
329,35.0,32.0,30.0,333.0,672.4,697.0
330,35.0,32.0,30.0,454.5,746.1999999999999,811.75
331,35.0,32.0,30.0,535.5,820.0,850.0
332,35.0,32.0,30.0,535.5,820.0,850.0
333,35.0,32.0,30.0,535.5,783.1,811.75
334,35.0,32.0,30.0,495.0,672.4,735.25
335,35.0,32.0,30.0,405.0,561.7,582.25
336,35.0,32.0,30.0,292.5,414.09999999999997,429.25
337,35.0,32.0,30.0,171.0,266.5,276.25
338,35.0,32.0,30.0,130.5,155.8,161.5
339,35.0,32.0,30.0,90.0,82.0,85.0
340,35.0,32.0,30.0,90.0,82.0,85.0
341,35.0,32.0,30.0,90.0,82.0,85.0
342,35.0,32.0,30.0,90.0,82.0,85.0
343,35.0,32.0,30.0,90.0,82.0,85.0
344,35.0,32.0,30.0,90.0,82.0,85.0
345,35.0,32.0,30.0,90.0,82.0,85.0
346,35.0,32.0,30.0,90.0,82.0,85.0
347,35.0,32.0,30.0,90.0,82.0,85.0
348,35.0,32.0,30.0,90.0,82.0,85.0
349,35.0,32.0,30.0,90.0,82.0,85.0
350,35.0,32.0,30.0,90.0,82.0,85.0
351,35.0,32.0,30.0,90.0,229.6,123.25
352,35.0,32.0,30.0,90.0,451.0,352.75
353,35.0,32.0,30.0,333.0,635.5,505.75
354,35.0,32.0,30.0,495.0,746.1999999999999,620.5
355,35.0,32.0,30.0,576.0,820.0,658.75
356,35.0,32.0,30.0,616.5,783.1,697.0
357,35.0,32.0,30.0,576.0,709.3,658.75
358,35.0,32.0,30.0,495.0,598.6,582.25
359,35.0,32.0,30.0,373.5,451.0,467.5
360,35.0,32.0,30.0,292.5,340.3,314.5
361,35.0,32.0,30.0,211.5,192.7,238.0
362,35.0,32.0,30.0,130.5,118.9,161.5
363,35.0,32.0,30.0,90.0,82.0,123.25
364,35.0,32.0,30.0,90.0,82.0,85.0
365,35.0,32.0,30.0,90.0,82.0,85.0
366,35.0,32.0,30.0,90.0,82.0,85.0
367,35.0,32.0,30.0,90.0,82.0,85.0
368,35.0,32.0,30.0,90.0,82.0,85.0
369,35.0,32.0,30.0,90.0,82.0,85.0
370,35.0,32.0,30.0,90.0,82.0,85.0
371,35.0,32.0,30.0,90.0,82.0,85.0
372,35.0,32.0,30.0,90.0,82.0,85.0
373,35.0,32.0,30.0,90.0,82.0,85.0
374,35.0,32.0,30.0,90.0,82.0,123.25
375,35.0,32.0,30.0,90.0,229.6,352.75
376,35.0,32.0,30.0,90.0,451.0,582.25
377,35.0,32.0,30.0,252.0,635.5,735.25
378,35.0,32.0,30.0,373.5,783.1,811.75
379,35.0,32.0,30.0,454.5,820.0,850.0
380,35.0,32.0,30.0,495.0,783.1,811.75
381,35.0,32.0,30.0,495.0,709.3,773.5
382,35.0,32.0,30.0,454.5,635.5,697.0
383,35.0,32.0,30.0,373.5,524.8,582.25
384,35.0,32.0,30.0,252.0,377.2,429.25
385,35.0,32.0,30.0,130.5,266.5,276.25
386,35.0,32.0,30.0,90.0,118.9,161.5
387,35.0,32.0,30.0,90.0,82.0,123.25
388,35.0,32.0,30.0,90.0,82.0,85.0
389,35.0,32.0,30.0,90.0,82.0,85.0
390,35.0,32.0,30.0,90.0,82.0,85.0
391,35.0,32.0,30.0,90.0,82.0,85.0
392,35.0,32.0,30.0,90.0,82.0,85.0
393,35.0,32.0,30.0,90.0,82.0,85.0
394,35.0,32.0,30.0,90.0,82.0,85.0
395,35.0,32.0,30.0,90.0,82.0,85.0
396,35.0,32.0,30.0,90.0,82.0,85.0
397,35.0,32.0,30.0,90.0,82.0,85.0
398,35.0,32.0,30.0,90.0,82.0,85.0
399,35.0,32.0,30.0,90.0,229.6,238.0
400,35.0,32.0,30.0,171.0,451.0,467.5
401,35.0,32.0,30.0,373.5,672.4,620.5
402,35.0,32.0,30.0,495.0,783.1,773.5
403,35.0,32.0,30.0,576.0,820.0,850.0
404,35.0,32.0,30.0,616.5,820.0,850.0
405,35.0,32.0,30.0,576.0,746.1999999999999,735.25
406,35.0,32.0,30.0,495.0,672.4,620.5
407,35.0,32.0,30.0,373.5,524.8,505.75
408,35.0,32.0,30.0,252.0,414.09999999999997,382.5
409,35.0,32.0,30.0,171.0,303.4,276.25
410,35.0,32.0,30.0,90.0,192.7,161.5
411,35.0,32.0,30.0,90.0,118.9,85.0
412,35.0,32.0,30.0,90.0,82.0,85.0
413,35.0,32.0,30.0,90.0,82.0,85.0
414,35.0,32.0,30.0,90.0,82.0,85.0
415,35.0,32.0,30.0,90.0,82.0,85.0
416,35.0,32.0,30.0,90.0,82.0,85.0
417,35.0,32.0,30.0,90.0,82.0,85.0
418,35.0,32.0,30.0,90.0,82.0,85.0
419,35.0,32.0,30.0,90.0,82.0,85.0
420,35.0,32.0,30.0,90.0,82.0,85.0
421,35.0,32.0,30.0,90.0,82.0,85.0
422,35.0,32.0,30.0,90.0,82.0,85.0
423,35.0,32.0,30.0,90.0,303.4,238.0
424,35.0,32.0,30.0,90.0,524.8,467.5
425,35.0,32.0,30.0,252.0,672.4,658.75
426,35.0,32.0,30.0,373.5,783.1,773.5
427,35.0,32.0,30.0,454.5,820.0,811.75
428,35.0,32.0,30.0,495.0,783.1,773.5
429,35.0,32.0,30.0,454.5,709.3,735.25
430,35.0,32.0,30.0,405.0,561.7,620.5
431,35.0,32.0,30.0,373.5,451.0,505.75
432,35.0,32.0,30.0,292.5,303.4,314.5
433,35.0,32.0,30.0,211.5,192.7,199.75
434,35.0,32.0,30.0,130.5,118.9,123.25
435,35.0,32.0,30.0,90.0,82.0,85.0
436,35.0,32.0,30.0,90.0,82.0,85.0
437,35.0,32.0,30.0,90.0,82.0,85.0
438,35.0,32.0,30.0,90.0,82.0,85.0
439,35.0,32.0,30.0,90.0,82.0,85.0
440,35.0,32.0,30.0,90.0,82.0,85.0
441,35.0,32.0,30.0,90.0,82.0,85.0
442,35.0,32.0,30.0,90.0,82.0,85.0
443,35.0,32.0,30.0,90.0,82.0,85.0
444,35.0,32.0,30.0,90.0,82.0,85.0
445,35.0,32.0,30.0,90.0,82.0,85.0
446,35.0,32.0,30.0,90.0,82.0,85.0
447,35.0,32.0,30.0,90.0,303.4,276.25
448,35.0,32.0,30.0,90.0,524.8,505.75
449,35.0,32.0,30.0,211.5,709.3,658.75
450,35.0,32.0,30.0,373.5,783.1,773.5
451,35.0,32.0,30.0,495.0,820.0,850.0
452,35.0,32.0,30.0,535.5,820.0,811.75
453,35.0,32.0,30.0,535.5,783.1,735.25
454,35.0,32.0,30.0,454.5,672.4,658.75
455,35.0,32.0,30.0,373.5,524.8,505.75
456,35.0,32.0,30.0,292.5,414.09999999999997,352.75
457,35.0,32.0,30.0,171.0,229.6,199.75
458,35.0,32.0,30.0,90.0,155.8,123.25
459,35.0,32.0,30.0,90.0,118.9,85.0
460,35.0,32.0,30.0,90.0,82.0,85.0
461,35.0,32.0,30.0,90.0,82.0,85.0
462,35.0,32.0,30.0,90.0,82.0,85.0
463,35.0,32.0,30.0,90.0,82.0,85.0
464,35.0,32.0,30.0,90.0,82.0,85.0
465,35.0,32.0,30.0,90.0,82.0,85.0
466,35.0,32.0,30.0,90.0,82.0,85.0
467,35.0,32.0,30.0,90.0,82.0,85.0
468,35.0,32.0,30.0,90.0,82.0,85.0
469,35.0,32.0,30.0,90.0,82.0,85.0
470,35.0,32.0,30.0,90.0,82.0,85.0
471,35.0,32.0,30.0,90.0,155.8,276.25
472,35.0,32.0,30.0,171.0,370.0,505.75
473,35.0,32.0,30.0,405.0,561.7,658.75
474,35.0,32.0,30.0,576.0,672.4,773.5
475,35.0,32.0,30.0,657.0,746.1999999999999,850.0
476,35.0,32.0,30.0,657.0,709.3,850.0
477,35.0,32.0,30.0,657.0,672.4,811.75
478,35.0,32.0,30.0,535.5,598.6,697.0
479,35.0,32.0,30.0,405.0,451.0,544.0
480,35.0,32.0,30.0,292.5,303.4,429.25
481,35.0,32.0,30.0,211.5,192.7,276.25
482,35.0,32.0,30.0,130.5,155.8,161.5
483,35.0,32.0,30.0,90.0,82.0,85.0
484,35.0,32.0,30.0,90.0,82.0,85.0
485,35.0,32.0,30.0,90.0,82.0,85.0
486,35.0,32.0,30.0,90.0,82.0,85.0
487,35.0,32.0,30.0,90.0,82.0,85.0
488,35.0,32.0,30.0,90.0,82.0,85.0
489,35.0,32.0,30.0,90.0,82.0,85.0
490,35.0,32.0,30.0,90.0,82.0,85.0
491,35.0,32.0,30.0,90.0,82.0,85.0
492,35.0,32.0,30.0,90.0,82.0,85.0
493,35.0,32.0,30.0,90.0,82.0,85.0
494,35.0,32.0,30.0,90.0,82.0,85.0
495,35.0,32.0,30.0,90.0,155.8,161.5
496,35.0,32.0,30.0,252.0,377.2,382.5
497,35.0,32.0,30.0,454.5,561.7,582.25
498,35.0,32.0,30.0,576.0,672.4,697.0
499,35.0,32.0,30.0,657.0,746.1999999999999,773.5
500,35.0,32.0,30.0,657.0,783.1,773.5
501,35.0,32.0,30.0,616.5,746.1999999999999,697.0
502,35.0,32.0,30.0,535.5,635.5,582.25
503,35.0,46.4,30.0,454.5,487.9,467.5
504,35.0,32.0,30.0,333.0,340.3,352.75
505,35.0,32.0,30.0,211.5,229.6,238.0
506,35.0,32.0,30.0,130.5,118.9,161.5
507,35.0,32.0,30.0,90.0,82.0,123.25
508,35.0,32.0,30.0,90.0,82.0,85.0
509,35.0,32.0,30.0,90.0,82.0,85.0
510,35.0,32.0,30.0,90.0,82.0,85.0
511,35.0,32.0,30.0,90.0,82.0,85.0
512,35.0,32.0,30.0,90.0,82.0,85.0
513,35.0,32.0,30.0,90.0,82.0,85.0
514,35.0,32.0,30.0,90.0,82.0,85.0
515,35.0,32.0,30.0,90.0,82.0,85.0
516,35.0,32.0,30.0,90.0,82.0,85.0
517,35.0,32.0,30.0,90.0,82.0,85.0
518,35.0,32.0,30.0,90.0,82.0,85.0
519,35.0,32.0,30.0,211.5,229.6,238.0
520,35.0,32.0,30.0,454.5,451.0,467.5
521,35.0,32.0,30.0,657.0,635.5,658.75
522,35.0,32.0,30.0,778.5,783.1,773.5
523,35.0,32.0,30.0,819.0,820.0,811.75
524,35.0,32.0,30.0,819.0,820.0,811.75
525,35.0,32.0,30.0,738.0,746.1999999999999,773.5
526,35.0,32.0,30.0,616.5,635.5,697.0
527,35.0,32.0,30.0,495.0,487.9,544.0
528,35.0,32.0,30.0,373.5,370.0,429.25
529,35.0,32.0,30.0,252.0,229.6,276.25
530,35.0,32.0,30.0,171.0,118.9,199.75
531,35.0,32.0,30.0,90.0,82.0,85.0
532,35.0,32.0,30.0,90.0,82.0,85.0
533,35.0,32.0,30.0,90.0,82.0,85.0
534,35.0,32.0,30.0,90.0,82.0,85.0
535,35.0,32.0,30.0,90.0,82.0,85.0
536,35.0,32.0,30.0,90.0,82.0,85.0
537,35.0,32.0,30.0,90.0,82.0,85.0
538,35.0,32.0,30.0,90.0,82.0,85.0
539,35.0,32.0,30.0,90.0,82.0,85.0
540,35.0,32.0,30.0,90.0,82.0,85.0
541,35.0,32.0,30.0,90.0,82.0,85.0
542,35.0,32.0,30.0,90.0,82.0,161.5
543,35.0,32.0,30.0,90.0,155.8,391.0
544,35.0,32.0,30.0,130.5,370.0,620.5
545,35.0,32.0,30.0,333.0,561.7,773.5
546,35.0,32.0,30.0,454.5,709.3,850.0
547,35.0,32.0,30.0,576.0,820.0,850.0
548,35.0,32.0,30.0,616.5,820.0,811.75
549,35.0,32.0,30.0,616.5,783.1,735.25
550,35.0,32.0,30.0,535.5,709.3,620.5
551,35.0,32.0,30.0,454.5,598.6,467.5
552,35.0,32.0,30.0,373.5,451.0,352.75
553,35.0,32.0,30.0,252.0,303.4,238.0
554,35.0,32.0,30.0,130.5,192.7,85.0
555,35.0,32.0,30.0,90.0,82.0,85.0
556,35.0,32.0,30.0,90.0,82.0,85.0
557,35.0,32.0,30.0,90.0,82.0,85.0
558,35.0,32.0,30.0,90.0,82.0,85.0
559,35.0,32.0,30.0,90.0,82.0,85.0
560,35.0,32.0,30.0,90.0,82.0,85.0
561,35.0,32.0,30.0,90.0,82.0,85.0
562,35.0,32.0,30.0,90.0,82.0,85.0
563,35.0,32.0,30.0,90.0,82.0,85.0
564,35.0,32.0,30.0,90.0,82.0,85.0
565,35.0,32.0,30.0,90.0,82.0,85.0
566,35.0,32.0,30.0,90.0,82.0,85.0
567,35.0,32.0,30.0,90.0,155.8,314.5
568,35.0,32.0,30.0,333.0,377.2,544.0
569,35.0,32.0,30.0,576.0,561.7,697.0
570,35.0,32.0,30.0,697.5,709.3,811.75
571,35.0,32.0,30.0,819.0,783.1,850.0
572,35.0,32.0,30.0,819.0,783.1,850.0
573,35.0,32.0,30.0,778.5,709.3,773.5
574,35.0,32.0,30.0,697.5,598.6,697.0
575,35.0,32.0,30.0,535.5,451.0,582.25
576,35.0,32.0,30.0,373.5,303.4,429.25
577,35.0,32.0,30.0,252.0,192.7,314.5
578,35.0,32.0,30.0,130.5,118.9,161.5
579,35.0,32.0,30.0,90.0,82.0,85.0
580,35.0,32.0,30.0,90.0,82.0,85.0
581,35.0,32.0,30.0,90.0,82.0,85.0
582,35.0,32.0,30.0,90.0,82.0,85.0
583,35.0,32.0,30.0,90.0,82.0,85.0
584,35.0,32.0,30.0,90.0,82.0,85.0
585,35.0,32.0,30.0,90.0,82.0,85.0
586,35.0,32.0,30.0,90.0,82.0,85.0
587,35.0,32.0,30.0,90.0,82.0,85.0
588,35.0,32.0,30.0,90.0,82.0,85.0
589,35.0,32.0,30.0,90.0,82.0,85.0
590,35.0,32.0,30.0,90.0,82.0,85.0
591,35.0,32.0,30.0,90.0,82.0,238.0
592,35.0,32.0,30.0,292.5,266.5,467.5
593,35.0,32.0,30.0,495.0,487.9,658.75
594,35.0,32.0,30.0,616.5,635.5,735.25
595,35.0,32.0,30.0,657.0,709.3,811.75
596,35.0,32.0,30.0,657.0,709.3,811.75
597,35.0,32.0,30.0,616.5,672.4,773.5
598,35.0,32.0,30.0,576.0,561.7,658.75
599,35.0,32.0,30.0,454.5,451.0,467.5
600,35.0,32.0,30.0,333.0,303.4,314.5
601,35.0,32.0,30.0,211.5,192.7,199.75
602,35.0,32.0,30.0,130.5,118.9,123.25
603,35.0,32.0,30.0,90.0,82.0,85.0
604,35.0,32.0,30.0,90.0,82.0,85.0
605,35.0,32.0,30.0,90.0,82.0,85.0
606,35.0,32.0,30.0,90.0,82.0,85.0
607,35.0,32.0,30.0,90.0,82.0,85.0
608,35.0,32.0,30.0,90.0,82.0,85.0
609,35.0,32.0,30.0,90.0,82.0,85.0
610,35.0,32.0,30.0,90.0,82.0,85.0
611,35.0,32.0,30.0,90.0,82.0,85.0
612,35.0,32.0,30.0,90.0,82.0,85.0
613,35.0,32.0,30.0,90.0,82.0,85.0
614,35.0,32.0,30.0,90.0,82.0,85.0
615,35.0,32.0,30.0,90.0,192.7,199.75
616,35.0,32.0,30.0,333.0,414.09999999999997,429.25
617,35.0,32.0,30.0,535.5,598.6,620.5
618,35.0,32.0,30.0,697.5,746.1999999999999,735.25
619,35.0,32.0,30.0,778.5,783.1,773.5
620,35.0,32.0,30.0,778.5,783.1,773.5
621,35.0,32.0,30.0,778.5,709.3,697.0
622,35.0,32.0,30.0,697.5,598.6,620.5
623,35.0,32.0,30.0,576.0,451.0,467.5
624,35.0,32.0,30.0,454.5,340.3,352.75
625,35.0,32.0,30.0,333.0,192.7,238.0
626,35.0,32.0,30.0,252.0,118.9,123.25
627,35.0,32.0,30.0,171.0,82.0,85.0
628,35.0,32.0,30.0,130.5,82.0,85.0
629,35.0,32.0,30.0,90.0,82.0,85.0
630,35.0,32.0,30.0,90.0,82.0,85.0
631,35.0,32.0,30.0,90.0,82.0,85.0
632,35.0,32.0,30.0,90.0,82.0,85.0
633,35.0,32.0,30.0,90.0,82.0,85.0
634,35.0,32.0,30.0,90.0,82.0,85.0
635,35.0,32.0,30.0,90.0,82.0,85.0
636,35.0,32.0,30.0,90.0,82.0,85.0
637,35.0,32.0,30.0,90.0,82.0,85.0
638,35.0,32.0,30.0,90.0,82.0,85.0
639,35.0,32.0,30.0,90.0,229.6,199.75
640,35.0,32.0,30.0,333.0,451.0,429.25
641,35.0,32.0,30.0,535.5,635.5,582.25
642,35.0,32.0,30.0,657.0,746.1999999999999,697.0
643,35.0,32.0,30.0,697.5,820.0,735.25
644,35.0,32.0,30.0,697.5,820.0,735.25
645,35.0,32.0,30.0,657.0,783.1,697.0
646,35.0,32.0,30.0,576.0,672.4,620.5
647,35.0,32.0,30.0,454.5,561.7,505.75
648,35.0,32.0,30.0,333.0,377.2,352.75
649,35.0,32.0,30.0,211.5,266.5,238.0
650,35.0,32.0,30.0,130.5,155.8,123.25
651,35.0,32.0,30.0,90.0,82.0,85.0
652,35.0,32.0,30.0,90.0,82.0,85.0
653,35.0,32.0,30.0,90.0,82.0,85.0
654,35.0,32.0,30.0,90.0,82.0,85.0
655,35.0,32.0,30.0,90.0,82.0,85.0
656,35.0,32.0,30.0,90.0,82.0,85.0
657,35.0,32.0,30.0,90.0,82.0,85.0
658,35.0,32.0,30.0,90.0,82.0,85.0
659,35.0,32.0,30.0,90.0,82.0,85.0
660,35.0,32.0,30.0,90.0,82.0,85.0
661,35.0,32.0,30.0,90.0,82.0,85.0
662,35.0,32.0,30.0,90.0,82.0,85.0
663,35.0,32.0,30.0,90.0,192.7,276.25
664,35.0,32.0,30.0,90.0,414.09999999999997,505.75
665,35.0,32.0,30.0,333.0,561.7,697.0
666,35.0,32.0,30.0,495.0,709.3,811.75
667,35.0,32.0,30.0,616.5,783.1,850.0
668,35.0,32.0,30.0,657.0,783.1,850.0
669,35.0,32.0,30.0,657.0,746.1999999999999,811.75
670,35.0,32.0,30.0,576.0,635.5,697.0
671,35.0,32.0,30.0,454.5,487.9,544.0
672,35.0,32.0,30.0,333.0,370.0,429.25
673,35.0,32.0,30.0,211.5,229.6,276.25
674,35.0,32.0,30.0,130.5,118.9,123.25
675,35.0,32.0,30.0,90.0,82.0,85.0
676,35.0,32.0,30.0,90.0,82.0,85.0
677,35.0,32.0,30.0,90.0,82.0,85.0
678,35.0,32.0,30.0,90.0,82.0,85.0
679,35.0,32.0,30.0,90.0,82.0,85.0
680,35.0,32.0,30.0,90.0,82.0,85.0
681,35.0,32.0,30.0,90.0,82.0,85.0
682,35.0,32.0,30.0,90.0,82.0,85.0
683,35.0,32.0,30.0,90.0,82.0,85.0
684,35.0,32.0,30.0,90.0,82.0,85.0
685,35.0,32.0,30.0,90.0,82.0,85.0
686,35.0,32.0,30.0,90.0,82.0,85.0
687,35.0,32.0,30.0,90.0,229.6,238.0
688,35.0,32.0,30.0,171.0,451.0,467.5
689,35.0,32.0,30.0,373.5,635.5,658.75
690,35.0,32.0,30.0,535.5,783.1,773.5
691,35.0,32.0,30.0,616.5,820.0,811.75
692,35.0,32.0,30.0,616.5,820.0,811.75
693,35.0,32.0,30.0,616.5,820.0,735.25
694,35.0,32.0,30.0,535.5,709.3,658.75
695,35.0,32.0,30.0,414.0,598.6,544.0
696,35.0,32.0,30.0,292.5,451.0,429.25
697,35.0,32.0,30.0,171.0,303.4,238.0
698,35.0,32.0,30.0,90.0,192.7,123.25
699,35.0,32.0,30.0,90.0,118.9,85.0
700,35.0,32.0,30.0,90.0,82.0,85.0
701,35.0,32.0,30.0,90.0,82.0,85.0
702,35.0,32.0,30.0,90.0,82.0,85.0
703,35.0,32.0,30.0,90.0,82.0,85.0
704,35.0,32.0,30.0,90.0,82.0,85.0
705,35.0,32.0,30.0,90.0,82.0,85.0
706,35.0,32.0,30.0,90.0,82.0,85.0
707,35.0,32.0,30.0,90.0,82.0,85.0
708,35.0,32.0,30.0,90.0,82.0,85.0
709,35.0,32.0,30.0,90.0,82.0,85.0
710,35.0,32.0,30.0,90.0,82.0,85.0
711,35.0,32.0,30.0,90.0,229.6,276.25
712,35.0,32.0,30.0,211.5,451.0,467.5
713,35.0,32.0,30.0,405.0,635.5,658.75
714,35.0,32.0,30.0,535.5,746.1999999999999,735.25
715,35.0,32.0,30.0,576.0,820.0,811.75
716,35.0,32.0,30.0,616.5,783.1,811.75
717,35.0,32.0,30.0,576.0,746.1999999999999,773.5
718,35.0,32.0,30.0,535.5,672.4,697.0
719,35.0,32.0,30.0,454.5,524.8,544.0
720,35.0,32.0,30.0,333.0,414.09999999999997,382.5
721,35.0,32.0,30.0,252.0,229.6,238.0
722,35.0,32.0,30.0,171.0,155.8,123.25
723,35.0,32.0,30.0,90.0,82.0,85.0
724,35.0,32.0,30.0,90.0,82.0,85.0
725,35.0,32.0,30.0,90.0,82.0,85.0
726,35.0,32.0,30.0,90.0,82.0,85.0
727,35.0,32.0,30.0,90.0,82.0,85.0
728,35.0,32.0,30.0,90.0,82.0,85.0
729,35.0,32.0,30.0,90.0,82.0,85.0
730,35.0,32.0,30.0,90.0,82.0,85.0
731,35.0,32.0,30.0,90.0,82.0,85.0
732,35.0,32.0,30.0,90.0,82.0,85.0
733,35.0,32.0,30.0,90.0,82.0,85.0
734,35.0,32.0,30.0,90.0,82.0,85.0
735,35.0,32.0,30.0,90.0,303.4,314.5
736,35.0,32.0,30.0,90.0,524.8,544.0
737,35.0,32.0,30.0,90.0,709.3,735.25
738,35.0,32.0,30.0,292.5,783.1,811.75
739,35.0,32.0,30.0,405.0,820.0,850.0
740,35.0,32.0,30.0,414.0,820.0,850.0
741,35.0,32.0,30.0,405.0,709.3,811.75
742,35.0,32.0,30.0,373.5,561.7,697.0
743,35.0,32.0,30.0,333.0,414.09999999999997,544.0
744,35.0,32.0,30.0,252.0,303.4,391.0
745,35.0,32.0,30.0,171.0,192.7,238.0
746,35.0,32.0,30.0,130.5,118.9,123.25
747,35.0,32.0,30.0,90.0,82.0,85.0
748,35.0,32.0,30.0,90.0,82.0,85.0
749,35.0,32.0,30.0,90.0,82.0,85.0
750,35.0,32.0,30.0,90.0,82.0,85.0
751,35.0,32.0,30.0,90.0,82.0,85.0
752,35.0,32.0,30.0,90.0,82.0,85.0
753,35.0,32.0,30.0,90.0,82.0,85.0
754,35.0,32.0,30.0,90.0,82.0,85.0
755,35.0,32.0,30.0,90.0,82.0,85.0
756,35.0,32.0,30.0,90.0,82.0,85.0
757,35.0,32.0,30.0,90.0,82.0,85.0
758,35.0,32.0,30.0,90.0,82.0,85.0
759,35.0,32.0,30.0,90.0,266.5,161.5
760,35.0,32.0,30.0,90.0,487.9,382.5
761,35.0,32.0,30.0,211.5,672.4,582.25
762,35.0,32.0,30.0,373.5,783.1,697.0
763,35.0,32.0,30.0,405.0,820.0,773.5
764,35.0,32.0,30.0,454.5,783.1,735.25
765,35.0,32.0,30.0,454.5,672.4,658.75
766,35.0,32.0,30.0,414.0,635.5,544.0
767,35.0,32.0,30.0,373.5,524.8,467.5
768,35.0,32.0,30.0,252.0,414.09999999999997,314.5
769,35.0,32.0,30.0,130.5,266.5,199.75
770,35.0,32.0,30.0,90.0,155.8,161.5
771,35.0,32.0,30.0,90.0,82.0,123.25
772,35.0,32.0,30.0,90.0,82.0,85.0
773,35.0,32.0,30.0,90.0,82.0,85.0
774,35.0,32.0,30.0,90.0,82.0,85.0
775,35.0,32.0,30.0,90.0,82.0,85.0
776,35.0,32.0,30.0,90.0,82.0,85.0
777,35.0,32.0,30.0,90.0,82.0,85.0
778,35.0,32.0,30.0,90.0,82.0,85.0
779,35.0,32.0,30.0,90.0,82.0,85.0
780,35.0,32.0,30.0,90.0,82.0,85.0
781,35.0,32.0,30.0,90.0,82.0,85.0
782,35.0,32.0,30.0,90.0,82.0,85.0
783,35.0,32.0,30.0,90.0,192.7,161.5
784,35.0,32.0,30.0,171.0,414.09999999999997,352.75
785,35.0,32.0,30.0,373.5,598.6,544.0
786,35.0,32.0,30.0,495.0,746.1999999999999,697.0
787,35.0,32.0,30.0,576.0,820.0,735.25
788,35.0,32.0,30.0,616.5,820.0,773.5
789,35.0,32.0,30.0,576.0,746.1999999999999,735.25
790,35.0,32.0,30.0,535.5,672.4,620.5
791,35.0,32.0,30.0,454.5,561.7,505.75
792,35.0,32.0,30.0,373.5,377.2,352.75
793,35.0,32.0,30.0,252.0,266.5,238.0
794,35.0,32.0,30.0,171.0,155.8,123.25
795,35.0,32.0,30.0,130.5,82.0,85.0
796,35.0,32.0,30.0,90.0,82.0,85.0
797,35.0,32.0,30.0,90.0,82.0,85.0
798,35.0,32.0,30.0,90.0,82.0,85.0
799,35.0,32.0,30.0,90.0,82.0,85.0
800,35.0,32.0,30.0,90.0,82.0,85.0
801,35.0,32.0,30.0,90.0,82.0,85.0
802,35.0,32.0,30.0,90.0,82.0,85.0
803,35.0,32.0,30.0,90.0,82.0,85.0
804,35.0,32.0,30.0,90.0,82.0,85.0
805,35.0,32.0,30.0,90.0,82.0,85.0
806,35.0,32.0,30.0,90.0,82.0,85.0
807,35.0,32.0,30.0,90.0,192.7,238.0
808,35.0,32.0,30.0,90.0,414.09999999999997,467.5
809,35.0,32.0,30.0,252.0,598.6,620.5
810,35.0,32.0,30.0,414.0,746.1999999999999,735.25
811,35.0,32.0,30.0,495.0,783.1,773.5
812,35.0,32.0,30.0,535.5,783.1,811.75
813,35.0,32.0,30.0,495.0,746.1999999999999,811.75
814,35.0,32.0,30.0,454.5,672.4,697.0
815,35.0,32.0,30.0,373.5,524.8,544.0
816,35.0,32.0,30.0,252.0,370.0,382.5
817,35.0,32.0,30.0,130.5,229.6,238.0
818,35.0,32.0,30.0,90.0,118.9,161.5
819,35.0,32.0,30.0,90.0,82.0,85.0
820,35.0,32.0,30.0,90.0,82.0,85.0
821,35.0,32.0,30.0,90.0,82.0,85.0
822,35.0,32.0,30.0,90.0,82.0,85.0
823,35.0,32.0,30.0,90.0,82.0,85.0
824,35.0,32.0,30.0,90.0,82.0,85.0
825,35.0,32.0,30.0,90.0,82.0,85.0
826,35.0,32.0,30.0,90.0,82.0,85.0
827,35.0,32.0,30.0,90.0,82.0,85.0
828,35.0,32.0,30.0,90.0,82.0,85.0
829,35.0,32.0,30.0,90.0,82.0,85.0
830,35.0,32.0,30.0,90.0,82.0,85.0
831,35.0,32.0,30.0,90.0,266.5,238.0
832,35.0,32.0,30.0,90.0,487.9,467.5
833,35.0,32.0,30.0,292.5,635.5,658.75
834,35.0,32.0,30.0,454.5,746.1999999999999,773.5
835,35.0,32.0,30.0,535.5,820.0,850.0
836,35.0,32.0,30.0,576.0,783.1,811.75
837,35.0,32.0,30.0,576.0,746.1999999999999,735.25
838,35.0,32.0,30.0,495.0,672.4,658.75
839,35.0,32.0,30.0,373.5,524.8,544.0
840,35.0,32.0,30.0,292.5,370.0,391.0
841,35.0,32.0,30.0,211.5,229.6,276.25
842,35.0,32.0,30.0,130.5,155.8,199.75
843,35.0,32.0,30.0,90.0,82.0,123.25
844,35.0,32.0,30.0,90.0,82.0,85.0
845,35.0,32.0,30.0,90.0,82.0,85.0
846,35.0,32.0,30.0,90.0,82.0,85.0
847,35.0,32.0,30.0,90.0,82.0,85.0
848,35.0,32.0,30.0,90.0,82.0,85.0
849,35.0,32.0,30.0,90.0,82.0,85.0
850,35.0,32.0,30.0,90.0,82.0,85.0
851,35.0,32.0,30.0,90.0,82.0,85.0
852,35.0,32.0,30.0,90.0,82.0,85.0
853,35.0,32.0,30.0,90.0,82.0,85.0
854,35.0,32.0,30.0,90.0,82.0,85.0
855,35.0,32.0,30.0,90.0,266.5,161.5
856,35.0,32.0,30.0,90.0,487.9,352.75
857,35.0,32.0,30.0,292.5,672.4,544.0
858,35.0,32.0,30.0,495.0,783.1,658.75
859,35.0,32.0,30.0,576.0,820.0,735.25
860,35.0,32.0,30.0,576.0,783.1,735.25
861,35.0,32.0,30.0,576.0,709.3,697.0
862,35.0,32.0,30.0,535.5,598.6,620.5
863,35.0,32.0,30.0,454.5,414.09999999999997,505.75
864,35.0,32.0,30.0,333.0,266.5,382.5
865,35.0,32.0,30.0,211.5,155.8,238.0
866,35.0,32.0,30.0,130.5,82.0,161.5
867,35.0,32.0,30.0,90.0,82.0,85.0
868,35.0,32.0,30.0,90.0,82.0,85.0
869,35.0,32.0,30.0,90.0,82.0,85.0
870,35.0,32.0,30.0,90.0,82.0,85.0
871,35.0,32.0,30.0,90.0,82.0,85.0
872,35.0,32.0,30.0,90.0,82.0,85.0
873,35.0,32.0,30.0,90.0,82.0,85.0
874,35.0,32.0,30.0,90.0,82.0,85.0
875,35.0,32.0,30.0,90.0,82.0,85.0
876,35.0,32.0,30.0,90.0,82.0,85.0
877,35.0,32.0,30.0,90.0,82.0,85.0
878,35.0,32.0,30.0,90.0,82.0,85.0
879,35.0,32.0,30.0,90.0,303.4,199.75
880,35.0,32.0,30.0,292.5,524.8,429.25
881,35.0,32.0,30.0,495.0,672.4,582.25
882,35.0,32.0,30.0,616.5,783.1,735.25
883,35.0,32.0,30.0,697.5,820.0,811.75
884,35.0,32.0,30.0,738.0,820.0,773.5
885,35.0,32.0,30.0,697.5,783.1,697.0
886,35.0,32.0,30.0,616.5,709.3,582.25
887,35.0,32.0,30.0,495.0,561.7,505.75
888,35.0,32.0,30.0,373.5,414.09999999999997,382.5
889,35.0,32.0,30.0,252.0,266.5,276.25
890,35.0,32.0,30.0,130.5,155.8,161.5
891,35.0,32.0,30.0,90.0,118.9,85.0
892,35.0,32.0,30.0,90.0,82.0,85.0
893,35.0,32.0,30.0,90.0,82.0,85.0
894,35.0,32.0,30.0,90.0,82.0,85.0
895,35.0,32.0,30.0,90.0,82.0,85.0
896,35.0,32.0,30.0,90.0,82.0,85.0
897,35.0,32.0,30.0,90.0,82.0,85.0
898,35.0,32.0,30.0,90.0,82.0,85.0
899,35.0,32.0,30.0,90.0,82.0,85.0
900,35.0,32.0,30.0,90.0,82.0,85.0
901,35.0,32.0,30.0,90.0,82.0,85.0
902,35.0,32.0,30.0,90.0,82.0,85.0
903,35.0,32.0,30.0,90.0,266.5,123.25
904,35.0,32.0,30.0,171.0,487.9,352.75
905,35.0,32.0,30.0,405.0,672.4,544.0
906,35.0,32.0,30.0,535.5,783.1,658.75
907,35.0,32.0,30.0,616.5,820.0,697.0
908,35.0,32.0,30.0,657.0,820.0,658.75
909,35.0,32.0,30.0,616.5,783.1,582.25
910,35.0,32.0,30.0,495.0,709.3,505.75
911,35.0,32.0,30.0,373.5,524.8,382.5
912,35.0,32.0,30.0,211.5,370.0,276.25
913,35.0,32.0,30.0,130.5,266.5,199.75
914,35.0,32.0,30.0,90.0,155.8,161.5
915,35.0,32.0,30.0,90.0,82.0,123.25
916,35.0,32.0,30.0,90.0,82.0,85.0
917,35.0,32.0,30.0,90.0,82.0,85.0
918,35.0,32.0,30.0,90.0,82.0,85.0
919,35.0,32.0,30.0,90.0,82.0,85.0
920,35.0,32.0,30.0,90.0,82.0,85.0
921,35.0,32.0,30.0,90.0,82.0,85.0
922,35.0,32.0,30.0,90.0,82.0,85.0
923,35.0,32.0,30.0,90.0,82.0,85.0
924,35.0,32.0,30.0,90.0,82.0,85.0
925,35.0,32.0,30.0,90.0,82.0,85.0
926,35.0,32.0,30.0,90.0,82.0,85.0
927,35.0,32.0,30.0,90.0,303.4,314.5
928,35.0,32.0,30.0,130.5,524.8,505.75
929,35.0,32.0,30.0,373.5,672.4,697.0
930,35.0,32.0,30.0,535.5,783.1,811.75
931,35.0,32.0,30.0,616.5,820.0,850.0
932,35.0,32.0,30.0,657.0,820.0,850.0
933,35.0,32.0,30.0,576.0,783.1,735.25
934,35.0,32.0,30.0,495.0,709.3,620.5
935,35.0,32.0,30.0,405.0,561.7,505.75
936,35.0,32.0,30.0,292.5,414.09999999999997,352.75
937,35.0,32.0,30.0,171.0,266.5,238.0
938,35.0,32.0,30.0,90.0,155.8,161.5
939,35.0,32.0,30.0,90.0,82.0,85.0
940,35.0,32.0,30.0,90.0,82.0,85.0
941,35.0,32.0,30.0,90.0,82.0,85.0
942,35.0,32.0,30.0,90.0,82.0,85.0
943,35.0,32.0,30.0,90.0,82.0,85.0
944,35.0,32.0,30.0,90.0,82.0,85.0
945,35.0,32.0,30.0,90.0,82.0,85.0
946,35.0,32.0,30.0,90.0,82.0,85.0
947,35.0,32.0,30.0,90.0,82.0,85.0
948,35.0,32.0,30.0,90.0,82.0,85.0
949,35.0,32.0,30.0,90.0,82.0,85.0
950,35.0,32.0,30.0,90.0,82.0,85.0
951,35.0,32.0,30.0,90.0,192.7,314.5
952,35.0,32.0,30.0,252.0,414.09999999999997,505.75
953,35.0,32.0,30.0,454.5,635.5,658.75
954,35.0,32.0,30.0,576.0,783.1,773.5
955,35.0,32.0,30.0,657.0,820.0,850.0
956,35.0,32.0,30.0,697.5,820.0,850.0
957,35.0,32.0,30.0,657.0,783.1,811.75
958,35.0,32.0,30.0,576.0,635.5,697.0
959,35.0,32.0,30.0,495.0,487.9,582.25
960,35.0,32.0,30.0,373.5,340.3,505.75
961,35.0,32.0,30.0,252.0,229.6,314.5
962,35.0,32.0,30.0,171.0,155.8,199.75
963,35.0,32.0,30.0,90.0,82.0,123.25
964,35.0,32.0,30.0,90.0,82.0,85.0
965,35.0,32.0,30.0,90.0,82.0,85.0
966,35.0,32.0,30.0,90.0,82.0,85.0
967,35.0,32.0,30.0,90.0,82.0,85.0
968,35.0,32.0,30.0,90.0,82.0,85.0
969,35.0,32.0,30.0,90.0,82.0,85.0
970,35.0,32.0,30.0,90.0,82.0,85.0
971,35.0,32.0,30.0,90.0,82.0,85.0
972,35.0,32.0,30.0,90.0,82.0,85.0
973,35.0,32.0,30.0,90.0,82.0,85.0
974,35.0,32.0,30.0,90.0,82.0,123.25
975,35.0,32.0,30.0,130.5,229.6,352.75
976,35.0,32.0,30.0,373.5,451.0,544.0
977,35.0,32.0,30.0,576.0,635.5,697.0
978,35.0,32.0,30.0,697.5,783.1,811.75
979,35.0,32.0,30.0,738.0,820.0,850.0
980,35.0,32.0,30.0,778.5,820.0,850.0
981,35.0,32.0,30.0,738.0,783.1,773.5
982,35.0,32.0,30.0,616.5,672.4,658.75
983,35.0,32.0,30.0,495.0,487.9,505.75
984,35.0,32.0,30.0,333.0,370.0,352.75
985,35.0,32.0,30.0,211.5,229.6,238.0
986,35.0,32.0,30.0,130.5,118.9,123.25
987,35.0,32.0,30.0,90.0,82.0,85.0
988,35.0,32.0,30.0,90.0,82.0,85.0
989,35.0,32.0,30.0,90.0,82.0,85.0
990,35.0,32.0,30.0,90.0,82.0,85.0
991,35.0,32.0,30.0,90.0,82.0,85.0
992,35.0,32.0,30.0,90.0,82.0,85.0
993,35.0,32.0,30.0,90.0,82.0,85.0
994,35.0,32.0,30.0,90.0,82.0,85.0
995,35.0,32.0,30.0,90.0,82.0,85.0
996,35.0,32.0,30.0,90.0,82.0,85.0
997,35.0,32.0,30.0,90.0,82.0,85.0
998,35.0,32.0,30.0,90.0,82.0,85.0
999,35.0,32.0,30.0,90.0,266.5,276.25
1000,35.0,32.0,30.0,171.0,487.9,505.75
1001,35.0,32.0,30.0,373.5,635.5,697.0
1002,35.0,32.0,30.0,495.0,746.1999999999999,811.75
1003,35.0,32.0,30.0,576.0,783.1,850.0
1004,35.0,32.0,30.0,616.5,783.1,850.0
1005,35.0,32.0,30.0,576.0,746.1999999999999,773.5
1006,35.0,32.0,30.0,535.5,635.5,658.75
1007,35.0,32.0,30.0,454.5,524.8,505.75
1008,35.0,32.0,30.0,333.0,414.09999999999997,352.75
1009,35.0,32.0,30.0,211.5,266.5,199.75
1010,35.0,32.0,30.0,130.5,155.8,123.25
1011,35.0,32.0,30.0,90.0,118.9,85.0
1012,35.0,32.0,30.0,90.0,82.0,85.0
1013,35.0,32.0,30.0,90.0,82.0,85.0
1014,35.0,32.0,30.0,90.0,82.0,85.0
1015,35.0,32.0,30.0,90.0,82.0,85.0
1016,35.0,32.0,30.0,90.0,82.0,85.0
1017,35.0,32.0,30.0,90.0,82.0,85.0
1018,35.0,32.0,30.0,90.0,82.0,85.0
1019,35.0,32.0,30.0,90.0,82.0,85.0
1020,35.0,32.0,30.0,90.0,82.0,85.0
1021,35.0,32.0,30.0,90.0,82.0,85.0
1022,35.0,32.0,30.0,90.0,82.0,85.0
1023,35.0,32.0,30.0,90.0,192.7,314.5
1024,35.0,32.0,30.0,90.0,414.09999999999997,544.0
1025,35.0,32.0,30.0,333.0,635.5,735.25
1026,35.0,32.0,30.0,454.5,746.1999999999999,850.0
1027,35.0,32.0,30.0,535.5,820.0,850.0
1028,35.0,32.0,30.0,616.5,820.0,811.75
1029,35.0,32.0,30.0,535.5,746.1999999999999,773.5
1030,35.0,32.0,30.0,495.0,672.4,697.0
1031,35.0,32.0,30.0,405.0,561.7,582.25
1032,35.0,32.0,30.0,292.5,414.09999999999997,429.25
1033,35.0,32.0,30.0,211.5,266.5,314.5
1034,35.0,32.0,30.0,130.5,155.8,161.5
1035,35.0,32.0,30.0,90.0,82.0,85.0
1036,35.0,32.0,30.0,90.0,82.0,85.0
1037,35.0,32.0,30.0,90.0,82.0,85.0
1038,35.0,32.0,30.0,90.0,82.0,85.0
1039,35.0,32.0,30.0,90.0,82.0,85.0
1040,35.0,32.0,30.0,90.0,82.0,85.0
1041,35.0,32.0,30.0,90.0,82.0,85.0
1042,35.0,32.0,30.0,90.0,82.0,85.0
1043,35.0,32.0,30.0,90.0,82.0,85.0
1044,35.0,32.0,30.0,90.0,82.0,85.0
1045,35.0,32.0,30.0,90.0,82.0,85.0
1046,35.0,32.0,30.0,90.0,82.0,85.0
1047,35.0,32.0,30.0,90.0,192.7,276.25
1048,35.0,32.0,30.0,211.5,414.09999999999997,505.75
1049,35.0,32.0,30.0,405.0,598.6,697.0
1050,35.0,32.0,30.0,576.0,746.1999999999999,773.5
1051,35.0,32.0,30.0,657.0,820.0,850.0
1052,35.0,32.0,30.0,657.0,820.0,811.75
1053,35.0,32.0,30.0,616.5,783.1,735.25
1054,35.0,32.0,30.0,535.5,709.3,620.5
1055,35.0,32.0,30.0,454.5,561.7,505.75
1056,35.0,32.0,30.0,333.0,414.09999999999997,352.75
1057,35.0,32.0,30.0,252.0,266.5,238.0
1058,35.0,32.0,30.0,171.0,155.8,161.5
1059,35.0,32.0,30.0,130.5,82.0,85.0
1060,35.0,32.0,30.0,90.0,82.0,85.0
1061,35.0,32.0,30.0,90.0,82.0,85.0
1062,35.0,32.0,30.0,90.0,82.0,85.0
1063,35.0,32.0,30.0,90.0,82.0,85.0
1064,35.0,32.0,30.0,90.0,82.0,85.0
1065,35.0,32.0,30.0,90.0,82.0,85.0
1066,35.0,32.0,30.0,90.0,82.0,85.0
1067,35.0,32.0,30.0,90.0,82.0,85.0
1068,35.0,32.0,30.0,90.0,82.0,85.0
1069,35.0,32.0,30.0,90.0,82.0,85.0
1070,35.0,32.0,30.0,90.0,82.0,85.0
1071,35.0,32.0,30.0,90.0,229.6,314.5
1072,35.0,32.0,30.0,90.0,451.0,544.0
1073,35.0,32.0,30.0,252.0,635.5,697.0
1074,35.0,32.0,30.0,405.0,746.1999999999999,811.75
1075,35.0,32.0,30.0,535.5,820.0,850.0
1076,35.0,32.0,30.0,576.0,820.0,850.0
1077,35.0,32.0,30.0,535.5,746.1999999999999,773.5
1078,35.0,32.0,30.0,454.5,635.5,658.75
1079,35.0,32.0,30.0,373.5,524.8,505.75
1080,35.0,32.0,30.0,292.5,414.09999999999997,382.5
1081,35.0,32.0,30.0,171.0,266.5,276.25
1082,35.0,32.0,30.0,90.0,155.8,161.5
1083,35.0,32.0,30.0,90.0,82.0,85.0
1084,35.0,32.0,30.0,90.0,82.0,85.0
1085,35.0,32.0,30.0,90.0,82.0,85.0
1086,35.0,32.0,30.0,90.0,82.0,85.0
1087,35.0,32.0,30.0,90.0,82.0,85.0
1088,35.0,32.0,30.0,90.0,82.0,85.0
1089,35.0,32.0,30.0,90.0,82.0,85.0
1090,35.0,32.0,30.0,90.0,82.0,85.0
1091,35.0,32.0,30.0,90.0,82.0,85.0
1092,35.0,32.0,30.0,90.0,82.0,85.0
1093,35.0,32.0,30.0,90.0,82.0,85.0
1094,35.0,32.0,30.0,90.0,82.0,85.0
1095,35.0,32.0,30.0,90.0,266.5,199.75
1096,35.0,32.0,30.0,252.0,487.9,429.25
1097,35.0,32.0,30.0,405.0,672.4,582.25
1098,35.0,32.0,30.0,535.5,746.1999999999999,735.25
1099,35.0,32.0,30.0,576.0,783.1,773.5
1100,35.0,32.0,30.0,616.5,820.0,773.5
1101,35.0,32.0,30.0,576.0,746.1999999999999,735.25
1102,35.0,32.0,30.0,495.0,672.4,658.75
1103,35.0,32.0,30.0,405.0,561.7,505.75
1104,35.0,32.0,30.0,333.0,451.0,382.5
1105,35.0,32.0,30.0,252.0,266.5,238.0
1106,35.0,32.0,30.0,211.5,155.8,123.25
1107,35.0,32.0,30.0,130.5,82.0,85.0
1108,35.0,32.0,30.0,90.0,82.0,85.0
1109,35.0,32.0,30.0,90.0,82.0,85.0
1110,35.0,32.0,30.0,90.0,82.0,85.0
1111,35.0,32.0,30.0,90.0,82.0,85.0
1112,35.0,32.0,30.0,90.0,82.0,85.0
1113,35.0,32.0,30.0,90.0,82.0,85.0
1114,35.0,32.0,30.0,90.0,82.0,85.0
1115,35.0,32.0,30.0,90.0,82.0,85.0
1116,35.0,32.0,30.0,90.0,82.0,85.0
1117,35.0,32.0,30.0,90.0,82.0,85.0
1118,35.0,32.0,30.0,90.0,82.0,85.0
1119,35.0,32.0,30.0,90.0,155.8,314.5
1120,35.0,32.0,30.0,90.0,370.0,544.0
1121,35.0,32.0,30.0,333.0,524.8,697.0
1122,35.0,32.0,30.0,495.0,672.4,811.75
1123,35.0,32.0,30.0,535.5,746.1999999999999,850.0
1124,35.0,32.0,30.0,576.0,746.1999999999999,811.75
1125,35.0,32.0,30.0,576.0,672.4,773.5
1126,35.0,32.0,30.0,495.0,561.7,658.75
1127,35.0,32.0,30.0,373.5,451.0,544.0
1128,35.0,32.0,30.0,292.5,340.3,382.5
1129,35.0,32.0,30.0,211.5,229.6,276.25
1130,35.0,32.0,30.0,130.5,118.9,199.75
1131,35.0,32.0,30.0,90.0,82.0,123.25
1132,35.0,32.0,30.0,90.0,82.0,85.0
1133,35.0,32.0,30.0,90.0,82.0,85.0
1134,35.0,32.0,30.0,90.0,82.0,85.0
1135,35.0,32.0,30.0,90.0,82.0,85.0
1136,35.0,32.0,30.0,90.0,82.0,85.0
1137,35.0,32.0,30.0,90.0,82.0,85.0
1138,35.0,32.0,30.0,90.0,82.0,85.0
1139,35.0,32.0,30.0,90.0,82.0,85.0
1140,35.0,32.0,30.0,90.0,82.0,85.0
1141,35.0,32.0,30.0,90.0,82.0,85.0
1142,35.0,32.0,30.0,90.0,82.0,85.0
1143,35.0,32.0,30.0,90.0,266.5,276.25
1144,35.0,32.0,30.0,90.0,487.9,505.75
1145,35.0,32.0,30.0,130.5,672.4,697.0
1146,35.0,32.0,30.0,292.5,783.1,773.5
1147,35.0,32.0,30.0,373.5,820.0,850.0
1148,35.0,32.0,30.0,373.5,820.0,850.0
1149,35.0,32.0,30.0,373.5,783.1,773.5
1150,35.0,32.0,30.0,373.5,672.4,658.75
1151,35.0,32.0,30.0,333.0,487.9,544.0
1152,35.0,32.0,30.0,252.0,340.3,391.0
1153,35.0,32.0,30.0,171.0,192.7,276.25
1154,35.0,32.0,30.0,90.0,118.9,161.5
1155,35.0,32.0,30.0,90.0,82.0,85.0
1156,35.0,32.0,30.0,90.0,82.0,85.0
1157,35.0,32.0,30.0,90.0,82.0,85.0
1158,35.0,32.0,30.0,90.0,82.0,85.0
1159,35.0,32.0,30.0,90.0,82.0,85.0
1160,35.0,32.0,30.0,90.0,82.0,85.0
1161,35.0,32.0,30.0,90.0,82.0,85.0
1162,35.0,32.0,30.0,90.0,82.0,85.0
1163,35.0,32.0,30.0,90.0,82.0,85.0
1164,35.0,32.0,30.0,90.0,82.0,85.0
1165,35.0,32.0,30.0,90.0,82.0,85.0
1166,35.0,32.0,30.0,90.0,82.0,85.0
1167,35.0,32.0,30.0,90.0,303.4,276.25
1168,35.0,32.0,30.0,171.0,524.8,505.75
1169,35.0,32.0,30.0,373.5,672.4,658.75
1170,35.0,32.0,30.0,576.0,783.1,735.25
1171,35.0,32.0,30.0,616.5,820.0,773.5
1172,35.0,32.0,30.0,616.5,820.0,773.5
1173,35.0,32.0,30.0,576.0,783.1,697.0
1174,35.0,32.0,30.0,454.5,746.1999999999999,620.5
1175,35.0,32.0,30.0,333.0,598.6,544.0
1176,35.0,32.0,30.0,252.0,451.0,391.0
1177,35.0,32.0,30.0,171.0,303.4,276.25
1178,35.0,32.0,30.0,130.5,155.8,161.5
1179,35.0,32.0,30.0,90.0,82.0,85.0
1180,35.0,32.0,30.0,90.0,82.0,85.0
1181,35.0,32.0,30.0,90.0,82.0,85.0
1182,35.0,32.0,30.0,90.0,82.0,85.0
1183,35.0,32.0,30.0,90.0,82.0,85.0
1184,35.0,32.0,30.0,90.0,82.0,85.0
1185,35.0,32.0,30.0,90.0,82.0,85.0
1186,35.0,32.0,30.0,90.0,82.0,85.0
1187,35.0,32.0,30.0,90.0,82.0,85.0
1188,35.0,32.0,30.0,90.0,82.0,85.0
1189,35.0,32.0,30.0,90.0,82.0,85.0
1190,35.0,32.0,30.0,90.0,82.0,85.0
1191,35.0,32.0,30.0,90.0,266.5,199.75
1192,35.0,32.0,30.0,130.5,487.9,429.25
1193,35.0,32.0,30.0,373.5,672.4,620.5
1194,35.0,32.0,30.0,535.5,783.1,773.5
1195,35.0,32.0,30.0,616.5,820.0,850.0
1196,35.0,32.0,30.0,616.5,820.0,850.0
1197,35.0,32.0,30.0,616.5,746.1999999999999,773.5
1198,35.0,32.0,30.0,535.5,635.5,697.0
1199,35.0,32.0,30.0,454.5,451.0,582.25
1200,35.0,32.0,30.0,333.0,340.3,429.25
1201,35.0,32.0,30.0,211.5,192.7,276.25
1202,35.0,32.0,30.0,171.0,118.9,161.5
1203,35.0,32.0,30.0,90.0,82.0,85.0
1204,35.0,32.0,30.0,90.0,82.0,85.0
1205,35.0,32.0,30.0,90.0,82.0,85.0
1206,35.0,32.0,30.0,90.0,82.0,85.0
1207,35.0,32.0,30.0,90.0,82.0,85.0
1208,35.0,32.0,30.0,90.0,82.0,85.0
1209,35.0,32.0,30.0,90.0,82.0,85.0
1210,35.0,32.0,30.0,90.0,82.0,85.0
1211,35.0,32.0,30.0,90.0,82.0,85.0
1212,35.0,32.0,30.0,90.0,82.0,85.0
1213,35.0,32.0,30.0,90.0,82.0,85.0
1214,35.0,32.0,30.0,90.0,82.0,85.0
1215,35.0,32.0,30.0,90.0,192.7,161.5
1216,35.0,32.0,30.0,171.0,414.09999999999997,382.5
1217,35.0,32.0,30.0,405.0,598.6,582.25
1218,35.0,32.0,30.0,576.0,709.3,735.25
1219,35.0,32.0,30.0,616.5,783.1,811.75
1220,35.0,32.0,30.0,616.5,783.1,850.0
1221,35.0,32.0,30.0,616.5,709.3,811.75
1222,35.0,32.0,30.0,535.5,598.6,697.0
1223,35.0,32.0,30.0,454.5,487.9,582.25
1224,35.0,32.0,30.0,373.5,377.2,391.0
1225,35.0,32.0,30.0,252.0,266.5,276.25
1226,35.0,32.0,30.0,130.5,155.8,161.5
1227,35.0,32.0,30.0,90.0,118.9,85.0
1228,35.0,32.0,30.0,90.0,82.0,85.0
1229,35.0,32.0,30.0,90.0,82.0,85.0
1230,35.0,32.0,30.0,90.0,82.0,85.0
1231,35.0,32.0,30.0,90.0,82.0,85.0
1232,35.0,32.0,30.0,90.0,82.0,85.0
1233,35.0,32.0,30.0,90.0,82.0,85.0
1234,35.0,32.0,30.0,90.0,82.0,85.0
1235,35.0,32.0,30.0,90.0,82.0,85.0
1236,35.0,32.0,30.0,90.0,82.0,85.0
1237,35.0,32.0,30.0,90.0,82.0,85.0
1238,35.0,32.0,30.0,90.0,82.0,85.0
1239,35.0,32.0,30.0,90.0,229.6,85.0
1240,35.0,32.0,30.0,90.0,414.09999999999997,314.5
1241,35.0,32.0,30.0,252.0,598.6,505.75
1242,35.0,32.0,30.0,405.0,709.3,658.75
1243,35.0,32.0,30.0,495.0,746.1999999999999,773.5
1244,35.0,32.0,30.0,535.5,746.1999999999999,773.5
1245,35.0,32.0,30.0,535.5,672.4,735.25
1246,35.0,32.0,30.0,454.5,598.6,620.5
1247,35.0,32.0,30.0,373.5,487.9,505.75
1248,35.0,32.0,30.0,252.0,370.0,382.5
1249,35.0,32.0,30.0,171.0,229.6,276.25
1250,35.0,32.0,30.0,130.5,155.8,161.5
1251,35.0,32.0,30.0,90.0,82.0,85.0
1252,35.0,32.0,30.0,90.0,82.0,85.0
1253,35.0,32.0,30.0,90.0,82.0,85.0
1254,35.0,32.0,30.0,90.0,82.0,85.0
1255,35.0,32.0,30.0,90.0,82.0,85.0
1256,35.0,32.0,30.0,90.0,82.0,85.0
1257,35.0,32.0,30.0,90.0,82.0,85.0
1258,35.0,32.0,30.0,90.0,82.0,85.0
1259,35.0,32.0,30.0,90.0,82.0,85.0
1260,35.0,32.0,30.0,90.0,82.0,85.0
1261,35.0,32.0,30.0,90.0,82.0,85.0
1262,35.0,32.0,30.0,90.0,82.0,85.0
1263,35.0,32.0,30.0,90.0,266.5,314.5
1264,35.0,32.0,30.0,90.0,487.9,544.0
1265,35.0,32.0,30.0,292.5,635.5,735.25
1266,35.0,32.0,30.0,454.5,746.1999999999999,811.75
1267,35.0,32.0,30.0,535.5,820.0,850.0
1268,35.0,32.0,30.0,535.5,820.0,811.75
1269,35.0,32.0,30.0,495.0,783.1,735.25
1270,35.0,32.0,30.0,454.5,672.4,658.75
1271,35.0,32.0,30.0,333.0,561.7,505.75
1272,35.0,32.0,30.0,211.5,414.09999999999997,391.0
1273,35.0,32.0,30.0,130.5,266.5,276.25
1274,35.0,32.0,30.0,90.0,155.8,161.5
1275,35.0,32.0,30.0,90.0,82.0,85.0
1276,35.0,32.0,30.0,90.0,82.0,85.0
1277,35.0,32.0,30.0,90.0,82.0,85.0
1278,35.0,32.0,30.0,90.0,82.0,85.0
1279,35.0,32.0,30.0,90.0,82.0,85.0
1280,35.0,32.0,30.0,90.0,82.0,85.0
1281,35.0,32.0,30.0,90.0,82.0,85.0
1282,35.0,32.0,30.0,90.0,82.0,85.0
1283,35.0,32.0,30.0,90.0,82.0,85.0
1284,35.0,32.0,30.0,90.0,82.0,85.0
1285,35.0,32.0,30.0,90.0,82.0,85.0
1286,35.0,32.0,30.0,90.0,82.0,85.0
1287,35.0,32.0,30.0,90.0,266.5,314.5
1288,35.0,32.0,30.0,130.5,487.9,544.0
1289,35.0,32.0,30.0,333.0,672.4,697.0
1290,35.0,32.0,30.0,454.5,783.1,811.75
1291,35.0,32.0,30.0,535.5,820.0,850.0
1292,35.0,32.0,30.0,535.5,820.0,811.75
1293,35.0,32.0,30.0,495.0,783.1,773.5
1294,35.0,32.0,30.0,454.5,635.5,658.75
1295,35.0,32.0,30.0,405.0,524.8,505.75
1296,35.0,32.0,30.0,292.5,414.09999999999997,352.75
1297,35.0,32.0,30.0,171.0,303.4,199.75
1298,35.0,32.0,30.0,90.0,155.8,123.25
1299,35.0,32.0,30.0,90.0,82.0,85.0
1300,35.0,32.0,30.0,90.0,82.0,85.0
1301,35.0,32.0,30.0,90.0,82.0,85.0
1302,35.0,32.0,30.0,90.0,82.0,85.0
1303,35.0,32.0,30.0,90.0,82.0,85.0
1304,35.0,32.0,30.0,90.0,82.0,85.0
1305,35.0,32.0,30.0,90.0,82.0,85.0
1306,35.0,32.0,30.0,90.0,82.0,85.0
1307,35.0,32.0,30.0,90.0,82.0,85.0
1308,35.0,32.0,30.0,90.0,82.0,85.0
1309,35.0,32.0,30.0,90.0,82.0,85.0
1310,35.0,32.0,30.0,90.0,82.0,85.0
1311,35.0,32.0,30.0,90.0,155.8,238.0
1312,35.0,32.0,30.0,90.0,370.0,467.5
1313,35.0,32.0,30.0,211.5,524.8,658.75
1314,35.0,32.0,30.0,373.5,635.5,735.25
1315,35.0,32.0,30.0,495.0,709.3,773.5
1316,35.0,32.0,30.0,576.0,709.3,773.5
1317,35.0,32.0,30.0,616.5,672.4,735.25
1318,35.0,32.0,30.0,535.5,598.6,620.5
1319,35.0,32.0,30.0,405.0,414.09999999999997,505.75
1320,35.0,32.0,30.0,292.5,303.4,352.75
1321,35.0,32.0,30.0,171.0,192.7,238.0
1322,35.0,32.0,30.0,130.5,118.9,199.75
1323,35.0,32.0,30.0,90.0,82.0,85.0
1324,35.0,32.0,30.0,90.0,82.0,85.0
1325,35.0,32.0,30.0,90.0,82.0,85.0
1326,35.0,32.0,30.0,90.0,82.0,85.0
1327,35.0,32.0,30.0,90.0,82.0,85.0
1328,35.0,32.0,30.0,90.0,82.0,85.0
1329,35.0,32.0,30.0,90.0,82.0,85.0
1330,35.0,32.0,30.0,90.0,82.0,85.0
1331,35.0,32.0,30.0,90.0,82.0,85.0
1332,35.0,32.0,30.0,90.0,82.0,85.0
1333,35.0,32.0,30.0,90.0,82.0,85.0
1334,35.0,32.0,30.0,90.0,82.0,85.0
1335,35.0,32.0,30.0,90.0,229.6,199.75
1336,35.0,32.0,30.0,130.5,451.0,429.25
1337,35.0,32.0,30.0,333.0,672.4,582.25
1338,35.0,32.0,30.0,454.5,783.1,735.25
1339,35.0,32.0,30.0,535.5,820.0,773.5
1340,35.0,32.0,30.0,576.0,783.1,773.5
1341,35.0,32.0,30.0,576.0,783.1,697.0
1342,35.0,32.0,30.0,495.0,672.4,620.5
1343,35.0,32.0,30.0,373.5,561.7,505.75
1344,35.0,32.0,30.0,292.5,414.09999999999997,352.75
1345,35.0,32.0,30.0,171.0,266.5,238.0
1346,35.0,32.0,30.0,130.5,118.9,123.25
1347,35.0,32.0,30.0,90.0,82.0,85.0
1348,35.0,32.0,30.0,90.0,82.0,85.0
1349,35.0,32.0,30.0,90.0,82.0,85.0
1350,35.0,32.0,30.0,90.0,82.0,85.0
1351,35.0,32.0,30.0,90.0,82.0,85.0
1352,35.0,32.0,30.0,90.0,82.0,85.0
1353,35.0,32.0,30.0,90.0,82.0,85.0
1354,35.0,32.0,30.0,90.0,82.0,85.0
1355,35.0,32.0,30.0,90.0,82.0,85.0
1356,35.0,32.0,30.0,90.0,82.0,85.0
1357,35.0,32.0,30.0,90.0,82.0,85.0
1358,35.0,32.0,30.0,90.0,82.0,85.0
1359,35.0,32.0,30.0,90.0,192.7,276.25
1360,35.0,32.0,30.0,171.0,414.09999999999997,505.75
1361,35.0,32.0,30.0,373.5,598.6,658.75
1362,35.0,32.0,30.0,535.5,709.3,735.25
1363,35.0,32.0,30.0,657.0,783.1,773.5
1364,35.0,32.0,30.0,657.0,783.1,773.5
1365,35.0,32.0,30.0,657.0,746.1999999999999,735.25
1366,35.0,32.0,30.0,576.0,635.5,620.5
1367,35.0,32.0,30.0,495.0,487.9,505.75
1368,35.0,32.0,30.0,333.0,340.3,352.75
1369,35.0,32.0,30.0,211.5,192.7,238.0
1370,35.0,32.0,30.0,130.5,118.9,123.25
1371,35.0,32.0,30.0,90.0,82.0,85.0
1372,35.0,32.0,30.0,90.0,82.0,85.0
1373,35.0,32.0,30.0,90.0,82.0,85.0
1374,35.0,32.0,30.0,90.0,82.0,85.0
1375,35.0,32.0,30.0,90.0,82.0,85.0
1376,35.0,32.0,30.0,90.0,82.0,85.0
1377,35.0,32.0,30.0,90.0,82.0,85.0
1378,35.0,32.0,30.0,90.0,82.0,85.0
1379,35.0,32.0,30.0,90.0,82.0,85.0
1380,35.0,32.0,30.0,90.0,82.0,85.0
1381,35.0,32.0,30.0,90.0,82.0,85.0
1382,35.0,32.0,30.0,90.0,82.0,85.0
1383,35.0,32.0,30.0,90.0,229.6,85.0
1384,35.0,32.0,30.0,171.0,451.0,314.5
1385,35.0,32.0,30.0,405.0,598.6,505.75
1386,35.0,32.0,30.0,535.5,709.3,658.75
1387,35.0,32.0,30.0,616.5,746.1999999999999,735.25
1388,35.0,32.0,30.0,616.5,746.1999999999999,735.25
1389,35.0,32.0,30.0,576.0,672.4,697.0
1390,35.0,32.0,30.0,495.0,598.6,582.25
1391,35.0,32.0,30.0,405.0,487.9,467.5
1392,35.0,32.0,30.0,292.5,370.0,352.75
1393,35.0,32.0,30.0,211.5,266.5,238.0
1394,35.0,32.0,30.0,171.0,155.8,123.25
1395,35.0,32.0,30.0,130.5,82.0,85.0
1396,35.0,32.0,30.0,90.0,82.0,85.0
1397,35.0,32.0,30.0,90.0,82.0,85.0
1398,35.0,32.0,30.0,90.0,82.0,85.0
1399,35.0,32.0,30.0,90.0,82.0,85.0
1400,35.0,32.0,30.0,90.0,82.0,85.0
1401,35.0,32.0,30.0,90.0,82.0,85.0
1402,35.0,32.0,30.0,90.0,82.0,85.0
1403,35.0,32.0,30.0,90.0,82.0,85.0
1404,35.0,32.0,30.0,90.0,82.0,85.0
1405,35.0,32.0,30.0,90.0,82.0,85.0
1406,35.0,32.0,30.0,90.0,82.0,123.25
1407,35.0,32.0,30.0,90.0,266.5,352.75
1408,35.0,32.0,30.0,130.5,487.9,582.25
1409,35.0,32.0,30.0,333.0,672.4,735.25
1410,35.0,32.0,30.0,454.5,746.1999999999999,811.75
1411,35.0,32.0,30.0,535.5,783.1,811.75
1412,35.0,32.0,30.0,576.0,783.1,811.75
1413,35.0,32.0,30.0,535.5,746.1999999999999,773.5
1414,35.0,32.0,30.0,454.5,672.4,658.75
1415,35.0,32.0,30.0,373.5,561.7,505.75
1416,35.0,32.0,30.0,252.0,370.0,382.5
1417,35.0,32.0,30.0,171.0,266.5,238.0
1418,35.0,32.0,30.0,130.5,155.8,161.5
1419,35.0,32.0,30.0,90.0,118.9,85.0
1420,35.0,32.0,30.0,90.0,82.0,85.0
1421,35.0,32.0,30.0,90.0,82.0,85.0
1422,35.0,32.0,30.0,90.0,82.0,85.0
1423,35.0,32.0,30.0,90.0,82.0,85.0
1424,35.0,32.0,30.0,90.0,82.0,85.0
1425,35.0,32.0,30.0,90.0,82.0,85.0
1426,35.0,32.0,30.0,90.0,82.0,85.0
1427,35.0,32.0,30.0,90.0,82.0,85.0
1428,35.0,32.0,30.0,90.0,82.0,85.0
1429,35.0,32.0,30.0,90.0,82.0,85.0
1430,35.0,32.0,30.0,90.0,82.0,85.0
1431,35.0,32.0,30.0,90.0,303.4,314.5
1432,35.0,32.0,30.0,130.5,524.8,544.0
1433,35.0,32.0,30.0,333.0,709.3,697.0
1434,35.0,32.0,30.0,495.0,820.0,811.75
1435,35.0,32.0,30.0,576.0,820.0,850.0
1436,35.0,32.0,30.0,576.0,783.1,811.75
1437,35.0,32.0,30.0,535.5,709.3,735.25
1438,35.0,32.0,30.0,495.0,598.6,658.75
1439,35.0,32.0,30.0,373.5,487.9,505.75
1440,35.0,32.0,30.0,252.0,370.0,352.75
1441,35.0,32.0,30.0,171.0,266.5,238.0
1442,35.0,32.0,30.0,90.0,155.8,161.5
1443,35.0,32.0,30.0,90.0,82.0,85.0
1444,35.0,32.0,30.0,90.0,82.0,85.0
1445,35.0,32.0,30.0,90.0,82.0,85.0
1446,35.0,32.0,30.0,90.0,82.0,85.0
1447,35.0,32.0,30.0,90.0,82.0,85.0
1448,35.0,32.0,30.0,90.0,82.0,85.0
1449,35.0,32.0,30.0,90.0,82.0,85.0
1450,35.0,32.0,30.0,90.0,82.0,85.0
1451,35.0,32.0,30.0,90.0,82.0,85.0
1452,35.0,32.0,30.0,90.0,82.0,85.0
1453,35.0,32.0,30.0,90.0,82.0,85.0
1454,35.0,32.0,30.0,90.0,82.0,85.0
1455,35.0,32.0,30.0,90.0,266.5,314.5
1456,35.0,32.0,30.0,211.5,487.9,544.0
1457,35.0,32.0,30.0,454.5,635.5,697.0
1458,35.0,32.0,30.0,576.0,783.1,811.75
1459,35.0,32.0,30.0,657.0,820.0,850.0
1460,35.0,32.0,30.0,697.5,820.0,811.75
1461,35.0,32.0,30.0,657.0,783.1,735.25
1462,35.0,32.0,30.0,576.0,709.3,620.5
1463,35.0,32.0,30.0,495.0,561.7,505.75
1464,35.0,32.0,30.0,373.5,377.2,391.0
1465,35.0,32.0,30.0,252.0,266.5,276.25
1466,35.0,32.0,30.0,171.0,155.8,161.5
1467,35.0,32.0,30.0,130.5,82.0,123.25
1468,35.0,32.0,30.0,90.0,82.0,85.0
1469,35.0,32.0,30.0,90.0,82.0,85.0
1470,35.0,32.0,30.0,90.0,82.0,85.0
1471,35.0,32.0,30.0,90.0,82.0,85.0
1472,35.0,32.0,30.0,90.0,82.0,85.0
1473,35.0,32.0,30.0,90.0,82.0,85.0
1474,35.0,32.0,30.0,90.0,82.0,85.0
1475,35.0,32.0,30.0,90.0,82.0,85.0
1476,35.0,32.0,30.0,90.0,82.0,85.0
1477,35.0,32.0,30.0,90.0,82.0,85.0
1478,35.0,32.0,30.0,90.0,82.0,123.25
1479,35.0,32.0,30.0,130.5,192.7,352.75
1480,35.0,32.0,30.0,373.5,414.09999999999997,582.25
1481,35.0,32.0,30.0,576.0,598.6,735.25
1482,35.0,32.0,30.0,697.5,709.3,811.75
1483,35.0,32.0,30.0,738.0,746.1999999999999,850.0
1484,35.0,32.0,30.0,778.5,746.1999999999999,811.75
1485,35.0,32.0,30.0,738.0,709.3,773.5
1486,35.0,32.0,30.0,616.5,635.5,658.75
1487,35.0,32.0,30.0,495.0,524.8,505.75
1488,35.0,32.0,30.0,373.5,370.0,382.5
1489,35.0,32.0,30.0,252.0,229.6,238.0
1490,35.0,32.0,30.0,130.5,155.8,161.5
1491,35.0,32.0,30.0,90.0,82.0,85.0
1492,35.0,32.0,30.0,90.0,82.0,85.0
1493,35.0,32.0,30.0,90.0,82.0,85.0
1494,35.0,32.0,30.0,90.0,82.0,85.0
1495,35.0,32.0,30.0,90.0,82.0,85.0
1496,35.0,32.0,30.0,90.0,82.0,85.0
1497,35.0,32.0,30.0,90.0,82.0,85.0
1498,35.0,32.0,30.0,90.0,82.0,85.0
1499,35.0,32.0,30.0,90.0,82.0,85.0
1500,35.0,32.0,30.0,90.0,82.0,85.0
1501,35.0,32.0,30.0,90.0,82.0,85.0
1502,35.0,32.0,30.0,90.0,82.0,85.0
1503,35.0,32.0,30.0,90.0,266.5,276.25
1504,35.0,32.0,30.0,90.0,487.9,505.75
1505,35.0,32.0,30.0,292.5,672.4,697.0
1506,35.0,32.0,30.0,414.0,783.1,811.75
1507,35.0,32.0,30.0,495.0,820.0,850.0
1508,35.0,32.0,30.0,535.5,820.0,850.0
1509,35.0,32.0,30.0,495.0,783.1,735.25
1510,35.0,32.0,30.0,454.5,672.4,620.5
1511,35.0,32.0,30.0,405.0,524.8,505.75
1512,35.0,32.0,30.0,292.5,340.3,352.75
1513,35.0,32.0,30.0,171.0,229.6,238.0
1514,35.0,32.0,30.0,90.0,118.9,123.25
1515,35.0,32.0,30.0,90.0,82.0,85.0
1516,35.0,32.0,30.0,90.0,82.0,85.0
1517,35.0,32.0,30.0,90.0,82.0,85.0
1518,35.0,32.0,30.0,90.0,82.0,85.0
1519,35.0,32.0,30.0,90.0,82.0,85.0
1520,35.0,32.0,30.0,90.0,82.0,85.0
1521,35.0,32.0,30.0,90.0,82.0,85.0
1522,35.0,32.0,30.0,90.0,82.0,85.0
1523,35.0,32.0,30.0,90.0,82.0,85.0
1524,35.0,32.0,30.0,90.0,82.0,85.0
1525,35.0,32.0,30.0,90.0,82.0,85.0
1526,35.0,32.0,30.0,90.0,82.0,85.0
1527,35.0,32.0,30.0,90.0,303.4,314.5
1528,35.0,32.0,30.0,130.5,524.8,544.0
1529,35.0,32.0,30.0,333.0,672.4,697.0
1530,35.0,32.0,30.0,495.0,783.1,811.75
1531,35.0,32.0,30.0,616.5,820.0,850.0
1532,35.0,32.0,30.0,616.5,820.0,850.0
1533,35.0,32.0,30.0,616.5,746.1999999999999,773.5
1534,35.0,32.0,30.0,576.0,598.6,658.75
1535,35.0,32.0,30.0,495.0,487.9,505.75
1536,35.0,32.0,30.0,333.0,340.3,391.0
1537,35.0,32.0,30.0,252.0,229.6,276.25
1538,35.0,32.0,30.0,171.0,155.8,161.5
1539,35.0,32.0,30.0,90.0,82.0,85.0
1540,35.0,32.0,30.0,90.0,82.0,85.0
1541,35.0,32.0,30.0,90.0,82.0,85.0
1542,35.0,32.0,30.0,90.0,82.0,85.0
1543,35.0,32.0,30.0,90.0,82.0,85.0
1544,35.0,32.0,30.0,90.0,82.0,85.0
1545,35.0,32.0,30.0,90.0,82.0,85.0
1546,35.0,32.0,30.0,90.0,82.0,85.0
1547,35.0,32.0,30.0,90.0,82.0,85.0
1548,35.0,32.0,30.0,90.0,82.0,85.0
1549,35.0,32.0,30.0,90.0,82.0,85.0
1550,35.0,32.0,30.0,90.0,82.0,85.0
1551,35.0,32.0,30.0,90.0,192.7,123.25
1552,35.0,32.0,30.0,171.0,414.09999999999997,352.75
1553,35.0,32.0,30.0,373.5,598.6,544.0
1554,35.0,32.0,30.0,535.5,746.1999999999999,658.75
1555,35.0,32.0,30.0,616.5,820.0,735.25
1556,35.0,32.0,30.0,616.5,783.1,735.25
1557,35.0,32.0,30.0,576.0,746.1999999999999,658.75
1558,35.0,32.0,30.0,495.0,635.5,582.25
1559,35.0,32.0,30.0,373.5,487.9,467.5
1560,35.0,32.0,30.0,252.0,370.0,352.75
1561,35.0,32.0,30.0,171.0,266.5,199.75
1562,35.0,32.0,30.0,130.5,155.8,123.25
1563,35.0,32.0,30.0,90.0,118.9,85.0
1564,35.0,32.0,30.0,90.0,82.0,85.0
1565,35.0,32.0,30.0,90.0,82.0,85.0
1566,35.0,32.0,30.0,90.0,82.0,85.0
1567,35.0,32.0,30.0,90.0,82.0,85.0
1568,35.0,32.0,30.0,90.0,82.0,85.0
1569,35.0,32.0,30.0,90.0,82.0,85.0
1570,35.0,32.0,30.0,90.0,82.0,85.0
1571,35.0,32.0,30.0,90.0,82.0,85.0
1572,35.0,32.0,30.0,90.0,82.0,85.0
1573,35.0,32.0,30.0,90.0,82.0,85.0
1574,35.0,32.0,30.0,90.0,82.0,85.0
1575,35.0,32.0,30.0,130.5,229.6,199.75
1576,35.0,32.0,30.0,373.5,451.0,429.25
1577,35.0,32.0,30.0,576.0,635.5,620.5
1578,35.0,32.0,30.0,697.5,746.1999999999999,773.5
1579,35.0,32.0,30.0,738.0,820.0,850.0
1580,35.0,32.0,30.0,738.0,783.1,850.0
1581,35.0,32.0,30.0,697.5,709.3,811.75
1582,35.0,32.0,30.0,616.5,598.6,658.75
1583,35.0,32.0,30.0,495.0,487.9,467.5
1584,35.0,32.0,30.0,333.0,340.3,352.75
1585,35.0,32.0,30.0,211.5,229.6,238.0
1586,35.0,32.0,30.0,130.5,118.9,123.25
1587,35.0,32.0,30.0,130.5,82.0,85.0
1588,35.0,32.0,30.0,90.0,82.0,85.0
1589,35.0,32.0,30.0,90.0,82.0,85.0
1590,35.0,32.0,30.0,90.0,82.0,85.0
1591,35.0,32.0,30.0,90.0,82.0,85.0
1592,35.0,32.0,30.0,90.0,82.0,85.0
1593,35.0,32.0,30.0,90.0,82.0,85.0
1594,35.0,32.0,30.0,90.0,82.0,85.0
1595,35.0,32.0,30.0,90.0,82.0,85.0
1596,35.0,32.0,30.0,90.0,82.0,85.0
1597,35.0,32.0,30.0,90.0,82.0,85.0
1598,35.0,32.0,30.0,90.0,82.0,85.0
1599,35.0,32.0,30.0,90.0,192.7,276.25
1600,35.0,32.0,30.0,90.0,414.09999999999997,505.75
1601,35.0,32.0,30.0,292.5,561.7,697.0
1602,35.0,32.0,30.0,454.5,672.4,850.0
1603,35.0,32.0,30.0,576.0,746.1999999999999,850.0
1604,35.0,32.0,30.0,576.0,783.1,850.0
1605,35.0,32.0,30.0,576.0,746.1999999999999,811.75
1606,35.0,32.0,30.0,535.5,635.5,735.25
1607,35.0,32.0,30.0,405.0,524.8,620.5
1608,35.0,32.0,30.0,292.5,377.2,467.5
1609,35.0,32.0,30.0,211.5,229.6,276.25
1610,35.0,32.0,30.0,130.5,155.8,161.5
1611,35.0,32.0,30.0,90.0,118.9,85.0
1612,35.0,32.0,30.0,90.0,82.0,85.0
1613,35.0,32.0,30.0,90.0,82.0,85.0
1614,35.0,32.0,30.0,90.0,82.0,85.0
1615,35.0,32.0,30.0,90.0,82.0,85.0
1616,35.0,32.0,30.0,90.0,82.0,85.0
1617,35.0,32.0,30.0,90.0,82.0,85.0
1618,35.0,32.0,30.0,90.0,82.0,85.0
1619,35.0,32.0,30.0,90.0,82.0,85.0
1620,35.0,32.0,30.0,90.0,82.0,85.0
1621,35.0,32.0,30.0,90.0,82.0,85.0
1622,35.0,32.0,30.0,90.0,82.0,85.0
1623,35.0,32.0,30.0,90.0,303.4,276.25
1624,35.0,32.0,30.0,211.5,524.8,505.75
1625,35.0,32.0,30.0,405.0,709.3,658.75
1626,35.0,32.0,30.0,535.5,820.0,735.25
1627,35.0,32.0,30.0,616.5,820.0,773.5
1628,35.0,32.0,30.0,657.0,820.0,735.25
1629,35.0,32.0,30.0,616.5,746.1999999999999,697.0
1630,35.0,32.0,30.0,535.5,672.4,620.5
1631,35.0,32.0,30.0,405.0,524.8,467.5
1632,35.0,32.0,30.0,333.0,340.3,352.75
1633,35.0,32.0,30.0,211.5,192.7,238.0
1634,35.0,32.0,30.0,130.5,118.9,161.5
1635,35.0,32.0,30.0,90.0,82.0,123.25
1636,35.0,32.0,30.0,90.0,82.0,85.0
1637,35.0,32.0,30.0,90.0,82.0,85.0
1638,35.0,32.0,30.0,90.0,82.0,85.0
1639,35.0,32.0,30.0,90.0,82.0,85.0
1640,35.0,32.0,30.0,90.0,82.0,85.0
1641,35.0,32.0,30.0,90.0,82.0,85.0
1642,35.0,32.0,30.0,90.0,82.0,85.0
1643,35.0,32.0,30.0,90.0,82.0,85.0
1644,35.0,32.0,30.0,90.0,82.0,85.0
1645,35.0,32.0,30.0,90.0,82.0,85.0
1646,35.0,32.0,30.0,90.0,82.0,85.0
1647,35.0,32.0,30.0,90.0,229.6,123.25
1648,35.0,32.0,30.0,90.0,451.0,352.75
1649,35.0,32.0,30.0,292.5,635.5,505.75
1650,35.0,32.0,30.0,454.5,783.1,620.5
1651,35.0,32.0,30.0,535.5,820.0,697.0
1652,35.0,32.0,30.0,535.5,820.0,658.75
1653,35.0,32.0,30.0,535.5,783.1,620.5
1654,35.0,32.0,30.0,454.5,709.3,505.75
1655,35.0,32.0,30.0,405.0,598.6,352.75
1656,35.0,32.0,30.0,292.5,487.9,238.0
1657,35.0,32.0,30.0,211.5,340.3,161.5
1658,35.0,32.0,30.0,171.0,192.7,123.25
1659,35.0,32.0,30.0,90.0,82.0,85.0
1660,35.0,32.0,30.0,90.0,82.0,85.0
1661,35.0,32.0,30.0,90.0,82.0,85.0
1662,35.0,32.0,30.0,90.0,82.0,85.0
1663,35.0,32.0,30.0,90.0,82.0,85.0
1664,35.0,32.0,30.0,90.0,82.0,85.0
1665,35.0,32.0,30.0,90.0,82.0,85.0
1666,35.0,32.0,30.0,90.0,82.0,85.0
1667,35.0,32.0,30.0,90.0,82.0,85.0
1668,35.0,32.0,30.0,90.0,82.0,85.0
1669,35.0,32.0,30.0,90.0,82.0,85.0
1670,35.0,32.0,30.0,90.0,82.0,85.0
1671,35.0,32.0,30.0,90.0,303.4,199.75
1672,35.0,32.0,30.0,171.0,524.8,429.25
1673,35.0,32.0,30.0,373.5,746.1999999999999,620.5
1674,35.0,32.0,30.0,535.5,820.0,697.0
1675,35.0,32.0,30.0,616.5,820.0,773.5
1676,35.0,32.0,30.0,657.0,820.0,773.5
1677,35.0,32.0,30.0,616.5,746.1999999999999,735.25
1678,35.0,32.0,30.0,535.5,635.5,620.5
1679,35.0,32.0,30.0,373.5,524.8,505.75
1680,35.0,32.0,30.0,292.5,370.0,352.75
1681,35.0,32.0,30.0,211.5,266.5,276.25
1682,35.0,32.0,30.0,130.5,155.8,161.5
1683,35.0,32.0,30.0,90.0,118.9,123.25
1684,35.0,32.0,30.0,90.0,82.0,85.0
1685,35.0,32.0,30.0,90.0,82.0,85.0
1686,35.0,32.0,30.0,90.0,82.0,85.0
1687,35.0,32.0,30.0,90.0,82.0,85.0
1688,35.0,32.0,30.0,90.0,82.0,85.0
1689,35.0,32.0,30.0,90.0,82.0,85.0
1690,35.0,32.0,30.0,90.0,82.0,85.0
1691,35.0,32.0,30.0,90.0,82.0,85.0
1692,35.0,32.0,30.0,90.0,82.0,85.0
1693,35.0,32.0,30.0,90.0,82.0,85.0
1694,35.0,32.0,30.0,90.0,82.0,85.0
1695,35.0,32.0,30.0,90.0,229.6,238.0
1696,35.0,32.0,30.0,252.0,451.0,467.5
1697,35.0,32.0,30.0,414.0,635.5,658.75
1698,35.0,32.0,30.0,576.0,746.1999999999999,811.75
1699,35.0,32.0,30.0,616.5,783.1,850.0
1700,35.0,32.0,30.0,616.5,783.1,850.0
1701,35.0,32.0,30.0,576.0,709.3,773.5
1702,35.0,32.0,30.0,495.0,598.6,658.75
1703,35.0,32.0,30.0,454.5,487.9,544.0
1704,35.0,32.0,30.0,373.5,370.0,391.0
1705,35.0,32.0,30.0,252.0,229.6,276.25
1706,35.0,32.0,30.0,130.5,155.8,161.5
1707,35.0,32.0,30.0,90.0,82.0,123.25
1708,35.0,32.0,30.0,90.0,82.0,85.0
1709,35.0,32.0,30.0,90.0,82.0,85.0
1710,35.0,32.0,30.0,90.0,82.0,85.0
1711,35.0,32.0,30.0,90.0,82.0,85.0
1712,35.0,32.0,30.0,90.0,82.0,85.0
1713,35.0,32.0,30.0,90.0,82.0,85.0
1714,35.0,32.0,30.0,90.0,82.0,85.0
1715,35.0,32.0,30.0,90.0,82.0,85.0
1716,35.0,32.0,30.0,90.0,82.0,85.0
1717,35.0,32.0,30.0,90.0,82.0,85.0
1718,35.0,32.0,30.0,90.0,82.0,85.0
1719,35.0,32.0,30.0,90.0,266.5,276.25
1720,35.0,32.0,30.0,252.0,487.9,505.75
1721,35.0,32.0,30.0,454.5,672.4,658.75
1722,35.0,32.0,30.0,576.0,783.1,773.5
1723,35.0,32.0,30.0,657.0,820.0,850.0
1724,35.0,32.0,30.0,657.0,820.0,811.75
1725,35.0,32.0,30.0,616.5,783.1,735.25
1726,35.0,32.0,30.0,535.5,635.5,620.5
1727,35.0,32.0,30.0,414.0,524.8,505.75
1728,35.0,32.0,30.0,333.0,370.0,382.5
1729,35.0,32.0,30.0,211.5,266.5,276.25
1730,35.0,32.0,30.0,130.5,192.7,199.75
1731,35.0,32.0,30.0,90.0,118.9,123.25
1732,35.0,32.0,30.0,90.0,82.0,85.0
1733,35.0,32.0,30.0,90.0,82.0,85.0
1734,35.0,32.0,30.0,90.0,82.0,85.0
1735,35.0,32.0,30.0,90.0,82.0,85.0
1736,35.0,32.0,30.0,90.0,82.0,85.0
1737,35.0,32.0,30.0,90.0,82.0,85.0
1738,35.0,32.0,30.0,90.0,82.0,85.0
1739,35.0,32.0,30.0,90.0,82.0,85.0
1740,35.0,32.0,30.0,90.0,82.0,85.0
1741,35.0,32.0,30.0,90.0,82.0,85.0
1742,35.0,32.0,30.0,90.0,82.0,85.0
1743,35.0,32.0,30.0,90.0,266.5,276.25
1744,35.0,32.0,30.0,90.0,487.9,467.5
1745,35.0,32.0,30.0,292.5,672.4,658.75
1746,35.0,32.0,30.0,495.0,783.1,773.5
1747,35.0,32.0,30.0,616.5,820.0,850.0
1748,35.0,32.0,30.0,657.0,820.0,850.0
1749,35.0,32.0,30.0,616.5,746.1999999999999,811.75
1750,35.0,32.0,30.0,535.5,635.5,697.0
1751,35.0,32.0,30.0,454.5,561.7,544.0
1752,35.0,32.0,30.0,333.0,414.09999999999997,429.25
1753,35.0,32.0,30.0,211.5,303.4,276.25
1754,35.0,32.0,30.0,130.5,192.7,161.5
1755,35.0,32.0,30.0,90.0,82.0,85.0
1756,35.0,32.0,30.0,90.0,82.0,85.0
1757,35.0,32.0,30.0,90.0,82.0,85.0
1758,35.0,32.0,30.0,90.0,82.0,85.0
1759,35.0,32.0,30.0,90.0,82.0,85.0
1760,35.0,32.0,30.0,90.0,82.0,85.0
1761,35.0,32.0,30.0,90.0,82.0,85.0
1762,35.0,32.0,30.0,90.0,82.0,85.0
1763,35.0,32.0,30.0,90.0,82.0,85.0
1764,35.0,32.0,30.0,90.0,82.0,85.0
1765,35.0,32.0,30.0,90.0,82.0,85.0
1766,35.0,32.0,30.0,90.0,82.0,85.0
1767,35.0,32.0,30.0,90.0,266.5,85.0
1768,35.0,32.0,30.0,171.0,487.9,276.25
1769,35.0,32.0,30.0,405.0,672.4,467.5
1770,35.0,32.0,30.0,535.5,820.0,620.5
1771,35.0,32.0,30.0,657.0,820.0,735.25
1772,35.0,32.0,30.0,657.0,820.0,735.25
1773,35.0,32.0,30.0,616.5,783.1,697.0
1774,35.0,32.0,30.0,576.0,672.4,620.5
1775,35.0,32.0,30.0,454.5,487.9,544.0
1776,35.0,32.0,30.0,333.0,370.0,429.25
1777,35.0,32.0,30.0,252.0,266.5,314.5
1778,35.0,32.0,30.0,130.5,118.9,199.75
1779,35.0,32.0,30.0,90.0,82.0,123.25
1780,35.0,32.0,30.0,90.0,82.0,85.0
1781,35.0,32.0,30.0,90.0,82.0,85.0
1782,35.0,32.0,30.0,90.0,82.0,85.0
1783,35.0,32.0,30.0,90.0,82.0,85.0
1784,35.0,32.0,30.0,90.0,82.0,85.0
1785,35.0,32.0,30.0,90.0,82.0,85.0
1786,35.0,32.0,30.0,90.0,82.0,85.0
1787,35.0,32.0,30.0,90.0,82.0,85.0
1788,35.0,32.0,30.0,90.0,82.0,85.0
1789,35.0,32.0,30.0,90.0,82.0,85.0
1790,35.0,32.0,30.0,90.0,82.0,85.0
1791,35.0,32.0,30.0,90.0,192.7,314.5
1792,35.0,32.0,30.0,211.5,414.09999999999997,505.75
1793,35.0,32.0,30.0,454.5,635.5,697.0
1794,35.0,32.0,30.0,576.0,783.1,811.75
1795,35.0,32.0,30.0,616.5,820.0,850.0
1796,35.0,32.0,30.0,616.5,783.1,811.75
1797,35.0,32.0,30.0,535.5,709.3,735.25
1798,35.0,32.0,30.0,454.5,635.5,658.75
1799,35.0,32.0,30.0,373.5,524.8,505.75
1800,35.0,32.0,30.0,292.5,414.09999999999997,352.75
1801,35.0,32.0,30.0,211.5,303.4,238.0
1802,35.0,32.0,30.0,171.0,192.7,123.25
1803,35.0,32.0,30.0,90.0,118.9,85.0
1804,35.0,32.0,30.0,90.0,82.0,85.0
1805,35.0,32.0,30.0,90.0,82.0,85.0
1806,35.0,32.0,30.0,90.0,82.0,85.0
1807,35.0,32.0,30.0,90.0,82.0,85.0
1808,35.0,32.0,30.0,90.0,82.0,85.0
1809,35.0,32.0,30.0,90.0,82.0,85.0
1810,35.0,32.0,30.0,90.0,82.0,85.0
1811,35.0,32.0,30.0,90.0,82.0,85.0
1812,35.0,32.0,30.0,90.0,82.0,85.0
1813,35.0,32.0,30.0,90.0,82.0,85.0
1814,35.0,32.0,30.0,90.0,118.9,85.0
1815,35.0,32.0,30.0,90.0,340.3,238.0
1816,35.0,32.0,30.0,90.0,561.7,467.5
1817,35.0,32.0,30.0,171.0,709.3,620.5
1818,35.0,32.0,30.0,333.0,783.1,735.25
1819,35.0,32.0,30.0,454.5,820.0,811.75
1820,35.0,32.0,30.0,535.5,820.0,811.75
1821,35.0,32.0,30.0,535.5,746.1999999999999,773.5
1822,35.0,32.0,30.0,495.0,635.5,658.75
1823,35.0,32.0,30.0,373.5,524.8,544.0
1824,35.0,32.0,30.0,292.5,370.0,391.0
1825,35.0,32.0,30.0,130.5,266.5,276.25
1826,35.0,32.0,30.0,90.0,155.8,199.75
1827,35.0,32.0,30.0,90.0,82.0,123.25
1828,35.0,32.0,30.0,90.0,82.0,85.0
1829,35.0,32.0,30.0,90.0,82.0,85.0
1830,35.0,32.0,30.0,90.0,82.0,85.0
1831,35.0,32.0,30.0,90.0,82.0,85.0
1832,35.0,32.0,30.0,90.0,82.0,85.0
1833,35.0,32.0,30.0,90.0,82.0,85.0
1834,35.0,32.0,30.0,90.0,82.0,85.0
1835,35.0,32.0,30.0,90.0,82.0,85.0
1836,35.0,32.0,30.0,90.0,82.0,85.0
1837,35.0,32.0,30.0,90.0,82.0,85.0
1838,35.0,32.0,30.0,90.0,82.0,85.0
1839,35.0,32.0,30.0,90.0,229.6,276.25
1840,35.0,32.0,30.0,171.0,451.0,505.75
1841,35.0,32.0,30.0,373.5,635.5,697.0
1842,35.0,32.0,30.0,495.0,746.1999999999999,811.75
1843,35.0,32.0,30.0,535.5,783.1,850.0
1844,35.0,32.0,30.0,576.0,746.1999999999999,850.0
1845,35.0,32.0,30.0,535.5,709.3,811.75
1846,35.0,32.0,30.0,454.5,635.5,697.0
1847,35.0,32.0,30.0,373.5,487.9,544.0
1848,35.0,32.0,30.0,252.0,340.3,429.25
1849,35.0,32.0,30.0,171.0,192.7,276.25
1850,35.0,32.0,30.0,90.0,118.9,199.75
1851,35.0,32.0,30.0,90.0,82.0,123.25
1852,35.0,32.0,30.0,90.0,82.0,85.0
1853,35.0,32.0,30.0,90.0,82.0,85.0
1854,35.0,32.0,30.0,90.0,82.0,85.0
1855,35.0,32.0,30.0,90.0,82.0,85.0
1856,35.0,32.0,30.0,90.0,82.0,85.0
1857,35.0,32.0,30.0,90.0,82.0,85.0
1858,35.0,32.0,30.0,90.0,82.0,85.0
1859,35.0,32.0,30.0,90.0,82.0,85.0
1860,35.0,32.0,30.0,90.0,82.0,85.0
1861,35.0,32.0,30.0,90.0,82.0,85.0
1862,35.0,32.0,30.0,90.0,82.0,85.0
1863,35.0,32.0,30.0,90.0,155.8,276.25
1864,35.0,32.0,30.0,292.5,370.0,505.75
1865,35.0,32.0,30.0,495.0,561.7,697.0
1866,35.0,32.0,30.0,616.5,672.4,811.75
1867,35.0,32.0,30.0,657.0,746.1999999999999,850.0
1868,35.0,32.0,30.0,657.0,746.1999999999999,850.0
1869,35.0,32.0,30.0,616.5,672.4,773.5
1870,35.0,32.0,30.0,535.5,598.6,658.75
1871,35.0,32.0,30.0,405.0,487.9,505.75
1872,35.0,32.0,30.0,292.5,340.3,391.0
1873,35.0,32.0,30.0,211.5,229.6,276.25
1874,35.0,32.0,30.0,130.5,118.9,161.5
1875,35.0,32.0,30.0,90.0,82.0,85.0
1876,35.0,32.0,30.0,90.0,82.0,85.0
1877,35.0,32.0,30.0,90.0,82.0,85.0
1878,35.0,32.0,30.0,90.0,82.0,85.0
1879,35.0,32.0,30.0,90.0,82.0,85.0
1880,35.0,32.0,30.0,90.0,82.0,85.0
1881,35.0,32.0,30.0,90.0,82.0,85.0
1882,35.0,32.0,30.0,90.0,82.0,85.0
1883,35.0,32.0,30.0,90.0,82.0,85.0
1884,35.0,32.0,30.0,90.0,82.0,85.0
1885,35.0,32.0,30.0,90.0,82.0,85.0
1886,35.0,32.0,30.0,90.0,82.0,85.0
1887,35.0,32.0,30.0,90.0,155.8,238.0
1888,35.0,32.0,30.0,130.5,377.2,467.5
1889,35.0,32.0,30.0,333.0,561.7,658.75
1890,35.0,32.0,30.0,495.0,672.4,773.5
1891,35.0,32.0,30.0,576.0,746.1999999999999,811.75
1892,35.0,32.0,30.0,576.0,746.1999999999999,811.75
1893,35.0,32.0,30.0,535.5,709.3,773.5
1894,35.0,32.0,30.0,495.0,635.5,658.75
1895,35.0,32.0,30.0,405.0,487.9,544.0
1896,35.0,32.0,30.0,292.5,340.3,382.5
1897,35.0,32.0,30.0,211.5,229.6,238.0
1898,35.0,32.0,30.0,130.5,155.8,161.5
1899,35.0,32.0,30.0,90.0,118.9,85.0
1900,35.0,32.0,30.0,90.0,82.0,85.0
1901,35.0,32.0,30.0,90.0,82.0,85.0
1902,35.0,32.0,30.0,90.0,82.0,85.0
1903,35.0,32.0,30.0,90.0,82.0,85.0
1904,35.0,32.0,30.0,90.0,82.0,85.0
1905,35.0,32.0,30.0,90.0,82.0,85.0
1906,35.0,32.0,30.0,90.0,82.0,85.0
1907,35.0,32.0,30.0,90.0,82.0,85.0
1908,35.0,32.0,30.0,90.0,82.0,85.0
1909,35.0,32.0,30.0,90.0,82.0,85.0
1910,35.0,32.0,30.0,90.0,82.0,85.0
1911,35.0,32.0,30.0,90.0,229.6,314.5
1912,35.0,32.0,30.0,90.0,451.0,544.0
1913,35.0,32.0,30.0,333.0,635.5,697.0
1914,35.0,32.0,30.0,495.0,783.1,811.75
1915,35.0,32.0,30.0,576.0,820.0,850.0
1916,35.0,32.0,30.0,616.5,820.0,850.0
1917,35.0,32.0,30.0,576.0,783.1,811.75
1918,35.0,32.0,30.0,495.0,672.4,697.0
1919,35.0,32.0,30.0,414.0,524.8,544.0
1920,35.0,32.0,30.0,333.0,340.3,382.5
1921,35.0,32.0,30.0,211.5,192.7,238.0
1922,35.0,32.0,30.0,130.5,118.9,123.25
1923,35.0,32.0,30.0,90.0,82.0,85.0
1924,35.0,32.0,30.0,90.0,82.0,85.0
1925,35.0,32.0,30.0,90.0,82.0,85.0
1926,35.0,32.0,30.0,90.0,82.0,85.0
1927,35.0,32.0,30.0,90.0,82.0,85.0
1928,35.0,32.0,30.0,90.0,82.0,85.0
1929,35.0,32.0,30.0,90.0,82.0,85.0
1930,35.0,32.0,30.0,90.0,82.0,85.0
1931,35.0,32.0,30.0,90.0,82.0,85.0
1932,35.0,32.0,30.0,90.0,82.0,85.0
1933,35.0,32.0,30.0,90.0,82.0,85.0
1934,35.0,32.0,30.0,90.0,82.0,85.0
1935,35.0,32.0,30.0,90.0,192.7,314.5
1936,35.0,32.0,30.0,171.0,414.09999999999997,544.0
1937,35.0,32.0,30.0,373.5,598.6,697.0
1938,35.0,32.0,30.0,535.5,746.1999999999999,811.75
1939,35.0,32.0,30.0,535.5,783.1,850.0
1940,35.0,32.0,30.0,576.0,783.1,811.75
1941,35.0,32.0,30.0,535.5,746.1999999999999,735.25
1942,35.0,32.0,30.0,454.5,635.5,620.5
1943,35.0,32.0,30.0,405.0,524.8,505.75
1944,35.0,32.0,30.0,292.5,370.0,352.75
1945,35.0,32.0,30.0,171.0,266.5,238.0
1946,35.0,32.0,30.0,130.5,155.8,161.5
1947,35.0,32.0,30.0,90.0,82.0,85.0
1948,35.0,32.0,30.0,90.0,82.0,85.0
1949,35.0,32.0,30.0,90.0,82.0,85.0
1950,35.0,32.0,30.0,90.0,82.0,85.0
1951,35.0,32.0,30.0,90.0,82.0,85.0
1952,35.0,32.0,30.0,90.0,82.0,85.0
1953,35.0,32.0,30.0,90.0,82.0,85.0
1954,35.0,32.0,30.0,90.0,82.0,85.0
1955,35.0,32.0,30.0,90.0,82.0,85.0
1956,35.0,32.0,30.0,90.0,82.0,85.0
1957,35.0,32.0,30.0,90.0,82.0,85.0
1958,35.0,32.0,30.0,90.0,82.0,85.0
1959,35.0,32.0,30.0,90.0,192.7,276.25
1960,35.0,32.0,30.0,333.0,414.09999999999997,505.75
1961,35.0,32.0,30.0,576.0,561.7,658.75
1962,35.0,32.0,30.0,657.0,672.4,773.5
1963,35.0,32.0,30.0,697.5,709.3,850.0
1964,35.0,32.0,30.0,738.0,746.1999999999999,850.0
1965,35.0,32.0,30.0,738.0,709.3,773.5
1966,35.0,32.0,30.0,657.0,598.6,658.75
1967,35.0,32.0,30.0,535.5,487.9,505.75
1968,35.0,32.0,30.0,373.5,340.3,382.5
1969,35.0,32.0,30.0,292.5,266.5,238.0
1970,35.0,32.0,30.0,211.5,155.8,123.25
1971,35.0,32.0,30.0,130.5,82.0,85.0
1972,35.0,32.0,30.0,90.0,82.0,85.0
1973,35.0,32.0,30.0,90.0,82.0,85.0
1974,35.0,32.0,30.0,90.0,82.0,85.0
1975,35.0,32.0,30.0,90.0,82.0,85.0
1976,35.0,32.0,30.0,90.0,82.0,85.0
1977,35.0,32.0,30.0,90.0,82.0,85.0
1978,35.0,32.0,30.0,90.0,82.0,85.0
1979,35.0,32.0,30.0,90.0,82.0,85.0
1980,35.0,32.0,30.0,90.0,82.0,85.0
1981,35.0,32.0,30.0,90.0,82.0,85.0
1982,35.0,32.0,30.0,90.0,82.0,85.0
1983,35.0,32.0,30.0,90.0,229.6,314.5
1984,35.0,32.0,30.0,292.5,451.0,505.75
1985,35.0,32.0,30.0,495.0,672.4,697.0
1986,35.0,32.0,30.0,616.5,783.1,811.75
1987,35.0,32.0,30.0,697.5,820.0,850.0
1988,35.0,32.0,30.0,697.5,783.1,850.0
1989,35.0,32.0,30.0,657.0,709.3,773.5
1990,35.0,32.0,30.0,576.0,635.5,658.75
1991,35.0,32.0,30.0,495.0,524.8,505.75
1992,35.0,32.0,30.0,405.0,370.0,382.5
1993,35.0,32.0,30.0,292.5,266.5,238.0
1994,35.0,32.0,30.0,171.0,155.8,123.25
1995,35.0,32.0,30.0,90.0,82.0,85.0
1996,35.0,32.0,30.0,90.0,82.0,85.0
1997,35.0,32.0,30.0,90.0,82.0,85.0
1998,35.0,32.0,30.0,90.0,82.0,85.0
1999,35.0,32.0,30.0,90.0,82.0,85.0
2000,35.0,32.0,30.0,90.0,82.0,85.0
2001,35.0,32.0,30.0,90.0,82.0,85.0
2002,35.0,32.0,30.0,90.0,82.0,85.0
2003,35.0,32.0,30.0,90.0,82.0,85.0
2004,35.0,32.0,30.0,90.0,82.0,85.0
2005,35.0,32.0,30.0,90.0,82.0,85.0
2006,35.0,32.0,30.0,90.0,82.0,123.25
2007,35.0,32.0,30.0,90.0,82.0,352.75
2008,35.0,32.0,30.0,211.5,266.5,582.25
2009,35.0,32.0,30.0,454.5,487.9,735.25
2010,35.0,32.0,30.0,576.0,709.3,811.75
2011,35.0,32.0,30.0,657.0,820.0,850.0
2012,35.0,32.0,30.0,697.5,783.1,811.75
2013,35.0,32.0,30.0,657.0,709.3,735.25
2014,35.0,32.0,30.0,576.0,598.6,658.75
2015,35.0,32.0,30.0,454.5,487.9,505.75
2016,35.0,32.0,30.0,292.5,340.3,382.5
2017,35.0,32.0,30.0,171.0,229.6,276.25
2018,35.0,32.0,30.0,90.0,118.9,161.5
2019,35.0,32.0,30.0,90.0,82.0,85.0
2020,35.0,32.0,30.0,90.0,82.0,85.0
2021,35.0,32.0,30.0,90.0,82.0,85.0
2022,35.0,32.0,30.0,90.0,82.0,85.0
2023,35.0,32.0,30.0,90.0,82.0,85.0
2024,35.0,32.0,30.0,90.0,82.0,85.0
2025,35.0,32.0,30.0,90.0,82.0,85.0
2026,35.0,32.0,30.0,90.0,82.0,85.0
2027,35.0,32.0,30.0,90.0,82.0,85.0
2028,35.0,32.0,30.0,90.0,82.0,85.0
2029,35.0,32.0,30.0,90.0,82.0,85.0
2030,35.0,32.0,30.0,90.0,118.9,85.0
2031,35.0,32.0,30.0,90.0,340.3,238.0
2032,35.0,32.0,30.0,252.0,561.7,467.5
2033,35.0,32.0,30.0,454.5,709.3,620.5
2034,35.0,32.0,30.0,576.0,783.1,773.5
2035,35.0,32.0,30.0,616.5,820.0,811.75
2036,35.0,32.0,30.0,657.0,783.1,811.75
2037,35.0,32.0,30.0,616.5,746.1999999999999,773.5
2038,35.0,32.0,30.0,576.0,598.6,658.75
2039,35.0,32.0,30.0,454.5,487.9,544.0
2040,35.0,32.0,30.0,333.0,377.2,382.5
2041,35.0,32.0,30.0,252.0,266.5,276.25
2042,35.0,32.0,30.0,171.0,155.8,161.5
2043,35.0,32.0,30.0,90.0,82.0,123.25
2044,35.0,32.0,30.0,90.0,82.0,85.0
2045,35.0,32.0,30.0,90.0,82.0,85.0
2046,35.0,32.0,30.0,90.0,82.0,85.0
2047,35.0,32.0,30.0,90.0,82.0,85.0
2048,35.0,32.0,30.0,90.0,82.0,85.0
2049,35.0,32.0,30.0,90.0,82.0,85.0
2050,35.0,32.0,30.0,90.0,82.0,85.0
2051,35.0,32.0,30.0,90.0,82.0,85.0
2052,35.0,32.0,30.0,90.0,82.0,85.0
2053,35.0,32.0,30.0,90.0,82.0,85.0
2054,35.0,32.0,30.0,90.0,82.0,85.0
2055,35.0,32.0,30.0,90.0,229.6,276.25
2056,35.0,32.0,30.0,171.0,451.0,505.75
2057,35.0,32.0,30.0,373.5,635.5,697.0
2058,35.0,32.0,30.0,495.0,783.1,811.75
2059,35.0,32.0,30.0,576.0,820.0,850.0
2060,35.0,32.0,30.0,616.5,783.1,811.75
2061,35.0,32.0,30.0,576.0,746.1999999999999,773.5
2062,35.0,32.0,30.0,495.0,598.6,697.0
2063,35.0,32.0,30.0,414.0,451.0,544.0
2064,35.0,32.0,30.0,292.5,303.4,391.0
2065,35.0,32.0,30.0,130.5,192.7,276.25
2066,35.0,32.0,30.0,90.0,118.9,161.5
2067,35.0,32.0,30.0,90.0,82.0,85.0
2068,35.0,32.0,30.0,90.0,82.0,85.0
2069,35.0,32.0,30.0,90.0,82.0,85.0
2070,35.0,32.0,30.0,90.0,82.0,85.0
2071,35.0,32.0,30.0,90.0,82.0,85.0
2072,35.0,32.0,30.0,90.0,82.0,85.0
2073,35.0,32.0,30.0,90.0,82.0,85.0
2074,35.0,32.0,30.0,90.0,82.0,85.0
2075,35.0,32.0,30.0,90.0,82.0,85.0
2076,35.0,32.0,30.0,90.0,82.0,85.0
2077,35.0,32.0,30.0,90.0,82.0,85.0
2078,35.0,32.0,30.0,90.0,82.0,85.0
2079,35.0,32.0,30.0,90.0,266.5,276.25
2080,35.0,32.0,30.0,333.0,487.9,505.75
2081,35.0,32.0,30.0,535.5,672.4,697.0
2082,35.0,32.0,30.0,657.0,783.1,811.75
2083,35.0,32.0,30.0,778.5,820.0,850.0
2084,35.0,32.0,30.0,778.5,820.0,850.0
2085,35.0,32.0,30.0,697.5,783.1,773.5
2086,35.0,32.0,30.0,616.5,709.3,697.0
2087,35.0,32.0,30.0,495.0,598.6,582.25
2088,35.0,32.0,30.0,373.5,451.0,429.25
2089,35.0,32.0,30.0,252.0,303.4,314.5
2090,35.0,32.0,30.0,171.0,192.7,199.75
2091,35.0,32.0,30.0,90.0,118.9,123.25
2092,35.0,32.0,30.0,90.0,82.0,85.0
2093,35.0,32.0,30.0,90.0,82.0,85.0
2094,35.0,32.0,30.0,90.0,82.0,85.0
2095,35.0,32.0,30.0,90.0,82.0,85.0
2096,35.0,32.0,30.0,90.0,82.0,85.0
2097,35.0,32.0,30.0,90.0,82.0,85.0
2098,35.0,32.0,30.0,90.0,82.0,85.0
2099,35.0,32.0,30.0,90.0,82.0,85.0
2100,35.0,32.0,30.0,90.0,82.0,85.0
2101,35.0,32.0,30.0,90.0,82.0,85.0
2102,35.0,32.0,30.0,90.0,82.0,85.0
2103,35.0,32.0,30.0,90.0,303.4,199.75
2104,35.0,32.0,30.0,171.0,524.8,429.25
2105,35.0,32.0,30.0,373.5,672.4,620.5
2106,35.0,32.0,30.0,495.0,783.1,735.25
2107,35.0,32.0,30.0,616.5,820.0,773.5
2108,35.0,32.0,30.0,657.0,820.0,773.5
2109,35.0,32.0,30.0,616.5,783.1,697.0
2110,35.0,32.0,30.0,495.0,709.3,582.25
2111,35.0,32.0,30.0,405.0,561.7,467.5
2112,35.0,32.0,30.0,292.5,414.09999999999997,382.5
2113,35.0,32.0,30.0,211.5,266.5,238.0
2114,35.0,32.0,30.0,130.5,155.8,161.5
2115,35.0,32.0,30.0,90.0,118.9,85.0
2116,35.0,32.0,30.0,90.0,82.0,85.0
2117,35.0,32.0,30.0,90.0,82.0,85.0
2118,35.0,32.0,30.0,90.0,82.0,85.0
2119,35.0,32.0,30.0,90.0,82.0,85.0
2120,35.0,32.0,30.0,90.0,82.0,85.0
2121,35.0,32.0,30.0,90.0,82.0,85.0
2122,35.0,32.0,30.0,90.0,82.0,85.0
2123,35.0,32.0,30.0,90.0,82.0,85.0
2124,35.0,32.0,30.0,90.0,82.0,85.0
2125,35.0,32.0,30.0,90.0,82.0,85.0
2126,35.0,32.0,30.0,90.0,82.0,85.0
2127,35.0,32.0,30.0,90.0,229.6,314.5
2128,35.0,32.0,30.0,90.0,451.0,544.0
2129,35.0,32.0,30.0,252.0,635.5,697.0
2130,35.0,32.0,30.0,405.0,746.1999999999999,811.75
2131,35.0,32.0,30.0,495.0,783.1,850.0
2132,35.0,32.0,30.0,535.5,783.1,850.0
2133,35.0,32.0,30.0,495.0,746.1999999999999,811.75
2134,35.0,32.0,30.0,454.5,672.4,697.0
2135,35.0,32.0,30.0,373.5,561.7,582.25
2136,35.0,32.0,30.0,252.0,451.0,429.25
2137,35.0,32.0,30.0,171.0,266.5,314.5
2138,35.0,32.0,30.0,90.0,155.8,199.75
2139,35.0,32.0,30.0,90.0,118.9,123.25
2140,35.0,32.0,30.0,90.0,82.0,85.0
2141,35.0,32.0,30.0,90.0,82.0,85.0
2142,35.0,32.0,30.0,90.0,82.0,85.0
2143,35.0,32.0,30.0,90.0,82.0,85.0
2144,35.0,32.0,30.0,90.0,82.0,85.0
2145,35.0,32.0,30.0,90.0,82.0,85.0
2146,35.0,32.0,30.0,90.0,82.0,85.0
2147,35.0,32.0,30.0,90.0,82.0,85.0
2148,35.0,32.0,30.0,90.0,82.0,85.0
2149,35.0,32.0,30.0,90.0,82.0,85.0
2150,35.0,32.0,30.0,90.0,82.0,85.0
2151,35.0,32.0,30.0,90.0,192.7,314.5
2152,35.0,32.0,30.0,171.0,414.09999999999997,544.0
2153,35.0,32.0,30.0,405.0,598.6,697.0
2154,35.0,32.0,30.0,576.0,709.3,811.75
2155,35.0,32.0,30.0,657.0,783.1,850.0
2156,35.0,32.0,30.0,657.0,820.0,850.0
2157,35.0,32.0,30.0,616.5,783.1,811.75
2158,35.0,32.0,30.0,576.0,672.4,735.25
2159,35.0,32.0,30.0,495.0,561.7,544.0
2160,35.0,32.0,30.0,373.5,414.09999999999997,429.25
2161,35.0,32.0,30.0,252.0,266.5,314.5
2162,35.0,32.0,30.0,171.0,155.8,199.75
2163,35.0,32.0,30.0,90.0,82.0,85.0
2164,35.0,32.0,30.0,90.0,82.0,85.0
2165,35.0,32.0,30.0,90.0,82.0,85.0
2166,35.0,32.0,30.0,90.0,82.0,85.0
2167,35.0,32.0,30.0,90.0,82.0,85.0
2168,35.0,32.0,30.0,90.0,82.0,85.0
2169,35.0,32.0,30.0,90.0,82.0,85.0
2170,35.0,32.0,30.0,90.0,82.0,85.0
2171,35.0,32.0,30.0,90.0,82.0,85.0
2172,35.0,32.0,30.0,90.0,82.0,85.0
2173,35.0,32.0,30.0,90.0,82.0,85.0
2174,35.0,32.0,30.0,90.0,82.0,85.0
2175,35.0,32.0,30.0,90.0,266.5,85.0
2176,35.0,32.0,30.0,90.0,487.9,199.75
2177,35.0,32.0,30.0,292.5,672.4,382.5
2178,35.0,32.0,30.0,454.5,783.1,505.75
2179,35.0,32.0,30.0,535.5,820.0,582.25
2180,35.0,32.0,30.0,576.0,746.1999999999999,620.5
2181,35.0,32.0,30.0,576.0,635.5,620.5
2182,35.0,32.0,30.0,495.0,524.8,582.25
2183,35.0,32.0,30.0,373.5,414.09999999999997,467.5
2184,35.0,32.0,30.0,252.0,303.4,352.75
2185,35.0,32.0,30.0,171.0,192.7,238.0
2186,35.0,32.0,30.0,130.5,82.0,161.5
2187,35.0,32.0,30.0,90.0,82.0,85.0
2188,35.0,32.0,30.0,90.0,82.0,85.0
2189,35.0,32.0,30.0,90.0,82.0,85.0
2190,35.0,32.0,30.0,90.0,82.0,85.0
2191,35.0,32.0,30.0,90.0,82.0,85.0
2192,35.0,32.0,30.0,90.0,82.0,85.0
2193,35.0,32.0,30.0,90.0,82.0,85.0
2194,35.0,32.0,30.0,90.0,82.0,85.0
2195,35.0,32.0,30.0,90.0,82.0,85.0
2196,35.0,32.0,30.0,90.0,82.0,85.0
2197,35.0,32.0,30.0,90.0,82.0,85.0
2198,35.0,32.0,30.0,90.0,82.0,85.0
2199,35.0,32.0,30.0,90.0,118.9,276.25
2200,35.0,32.0,30.0,171.0,340.3,505.75
2201,35.0,32.0,30.0,373.5,524.8,697.0
2202,35.0,32.0,30.0,535.5,635.5,811.75
2203,35.0,32.0,30.0,657.0,709.3,850.0
2204,35.0,32.0,30.0,657.0,746.1999999999999,811.75
2205,35.0,32.0,30.0,616.5,672.4,735.25
2206,35.0,32.0,30.0,495.0,561.7,658.75
2207,35.0,32.0,30.0,405.0,451.0,544.0
2208,35.0,32.0,30.0,292.5,303.4,352.75
2209,35.0,32.0,30.0,171.0,155.8,238.0
2210,35.0,32.0,30.0,90.0,118.9,123.25
2211,35.0,32.0,30.0,90.0,82.0,85.0
2212,35.0,32.0,30.0,90.0,82.0,85.0
2213,35.0,32.0,30.0,90.0,82.0,85.0
2214,35.0,32.0,30.0,90.0,82.0,85.0
2215,35.0,32.0,30.0,90.0,82.0,85.0
2216,35.0,32.0,30.0,90.0,82.0,85.0
2217,35.0,32.0,30.0,90.0,82.0,85.0
2218,35.0,32.0,30.0,90.0,82.0,85.0
2219,35.0,32.0,30.0,90.0,82.0,85.0
2220,35.0,32.0,30.0,90.0,82.0,85.0
2221,35.0,32.0,30.0,90.0,82.0,85.0
2222,35.0,32.0,30.0,90.0,82.0,85.0
2223,35.0,32.0,30.0,90.0,303.4,161.5
2224,35.0,32.0,30.0,333.0,524.8,391.0
2225,35.0,32.0,30.0,495.0,672.4,620.5
2226,35.0,32.0,30.0,616.5,820.0,773.5
2227,35.0,32.0,30.0,657.0,820.0,850.0
2228,35.0,32.0,30.0,657.0,820.0,850.0
2229,35.0,32.0,30.0,616.5,783.1,773.5
2230,35.0,32.0,30.0,576.0,672.4,697.0
2231,35.0,32.0,30.0,454.5,524.8,544.0
2232,35.0,32.0,30.0,333.0,370.0,467.5
2233,35.0,32.0,30.0,211.5,229.6,314.5
2234,35.0,32.0,30.0,130.5,155.8,199.75
2235,35.0,32.0,30.0,90.0,118.9,123.25
2236,35.0,32.0,30.0,90.0,82.0,85.0
2237,35.0,32.0,30.0,90.0,82.0,85.0
2238,35.0,32.0,30.0,90.0,82.0,85.0
2239,35.0,32.0,30.0,90.0,82.0,85.0
2240,35.0,32.0,30.0,90.0,82.0,85.0
2241,35.0,32.0,30.0,90.0,82.0,85.0
2242,35.0,32.0,30.0,90.0,82.0,85.0
2243,35.0,32.0,30.0,90.0,82.0,85.0
2244,35.0,32.0,30.0,90.0,82.0,85.0
2245,35.0,32.0,30.0,90.0,82.0,85.0
2246,35.0,32.0,30.0,90.0,82.0,85.0
2247,35.0,32.0,30.0,90.0,229.6,276.25
2248,35.0,32.0,30.0,252.0,451.0,505.75
2249,35.0,32.0,30.0,454.5,635.5,658.75
2250,35.0,32.0,30.0,616.5,746.1999999999999,773.5
2251,35.0,32.0,30.0,697.5,820.0,850.0
2252,35.0,32.0,30.0,697.5,820.0,850.0
2253,35.0,32.0,30.0,616.5,783.1,811.75
2254,35.0,32.0,30.0,535.5,635.5,697.0
2255,35.0,32.0,30.0,454.5,487.9,582.25
2256,35.0,32.0,30.0,333.0,340.3,429.25
2257,35.0,32.0,30.0,211.5,229.6,276.25
2258,35.0,32.0,30.0,90.0,118.9,161.5
2259,35.0,32.0,30.0,90.0,82.0,85.0
2260,35.0,32.0,30.0,90.0,82.0,85.0
2261,35.0,32.0,30.0,90.0,82.0,85.0
2262,35.0,32.0,30.0,90.0,82.0,85.0
2263,35.0,32.0,30.0,90.0,82.0,85.0
2264,35.0,32.0,30.0,90.0,82.0,85.0
2265,35.0,32.0,30.0,90.0,82.0,85.0
2266,35.0,32.0,30.0,90.0,82.0,85.0
2267,35.0,32.0,30.0,90.0,82.0,85.0
2268,35.0,32.0,30.0,90.0,82.0,85.0
2269,35.0,32.0,30.0,90.0,82.0,85.0
2270,35.0,32.0,30.0,90.0,82.0,85.0
2271,35.0,32.0,30.0,90.0,229.6,276.25
2272,35.0,32.0,30.0,90.0,451.0,467.5
2273,35.0,32.0,30.0,252.0,635.5,620.5
2274,35.0,32.0,30.0,405.0,783.1,735.25
2275,35.0,32.0,30.0,495.0,820.0,773.5
2276,35.0,32.0,30.0,535.5,820.0,773.5
2277,35.0,32.0,30.0,495.0,783.1,735.25
2278,35.0,32.0,30.0,405.0,635.5,582.25
2279,35.0,32.0,30.0,333.0,524.8,429.25
2280,35.0,32.0,30.0,292.5,414.09999999999997,276.25
2281,35.0,32.0,30.0,211.5,266.5,161.5
2282,35.0,32.0,30.0,130.5,155.8,123.25
2283,35.0,32.0,30.0,90.0,82.0,85.0
2284,35.0,32.0,30.0,90.0,82.0,85.0
2285,35.0,32.0,30.0,90.0,82.0,85.0
2286,35.0,32.0,30.0,90.0,82.0,85.0
2287,35.0,32.0,30.0,90.0,82.0,85.0
2288,35.0,32.0,30.0,90.0,82.0,85.0
2289,35.0,32.0,30.0,90.0,82.0,85.0
2290,35.0,32.0,30.0,90.0,82.0,85.0
2291,35.0,32.0,30.0,90.0,82.0,85.0
2292,35.0,32.0,30.0,90.0,82.0,85.0
2293,35.0,32.0,30.0,90.0,82.0,85.0
2294,35.0,32.0,30.0,90.0,82.0,85.0
2295,35.0,32.0,30.0,90.0,266.5,314.5
2296,35.0,32.0,30.0,90.0,487.9,544.0
2297,35.0,32.0,30.0,211.5,672.4,697.0
2298,35.0,32.0,30.0,373.5,783.1,811.75
2299,35.0,32.0,30.0,454.5,820.0,850.0
2300,35.0,32.0,30.0,495.0,820.0,850.0
2301,35.0,32.0,30.0,454.5,746.1999999999999,773.5
2302,35.0,32.0,30.0,373.5,672.4,658.75
2303,35.0,32.0,30.0,292.5,524.8,544.0
2304,35.0,32.0,30.0,171.0,414.09999999999997,429.25
2305,35.0,32.0,30.0,90.0,266.5,276.25
2306,35.0,32.0,30.0,90.0,155.8,161.5
2307,35.0,32.0,30.0,90.0,82.0,85.0
2308,35.0,32.0,30.0,90.0,82.0,85.0
2309,35.0,32.0,30.0,90.0,82.0,85.0
2310,35.0,32.0,30.0,90.0,82.0,85.0
2311,35.0,32.0,30.0,90.0,82.0,85.0
2312,35.0,32.0,30.0,90.0,82.0,85.0
2313,35.0,32.0,30.0,90.0,82.0,85.0
2314,35.0,32.0,30.0,90.0,82.0,85.0
2315,35.0,32.0,30.0,90.0,82.0,85.0
2316,35.0,32.0,30.0,90.0,82.0,85.0
2317,35.0,32.0,30.0,90.0,82.0,85.0
2318,35.0,32.0,30.0,90.0,82.0,85.0
2319,35.0,32.0,30.0,90.0,229.6,199.75
2320,35.0,32.0,30.0,90.0,451.0,429.25
2321,35.0,32.0,30.0,292.5,635.5,620.5
2322,35.0,32.0,30.0,454.5,746.1999999999999,773.5
2323,35.0,32.0,30.0,535.5,820.0,850.0
2324,35.0,32.0,30.0,576.0,820.0,850.0
2325,35.0,32.0,30.0,535.5,746.1999999999999,811.75
2326,35.0,32.0,30.0,454.5,672.4,697.0
2327,35.0,32.0,30.0,405.0,524.8,544.0
2328,35.0,32.0,30.0,333.0,370.0,382.5
2329,35.0,32.0,30.0,211.5,266.5,238.0
2330,35.0,32.0,30.0,130.5,155.8,161.5
2331,35.0,32.0,30.0,90.0,118.9,85.0
2332,35.0,32.0,30.0,90.0,82.0,85.0
2333,35.0,32.0,30.0,90.0,82.0,85.0
2334,35.0,32.0,30.0,90.0,82.0,85.0
2335,35.0,32.0,30.0,90.0,82.0,85.0
2336,35.0,32.0,30.0,90.0,82.0,85.0
2337,35.0,32.0,30.0,90.0,82.0,85.0
2338,35.0,32.0,30.0,90.0,82.0,85.0
2339,35.0,32.0,30.0,90.0,82.0,85.0
2340,35.0,32.0,30.0,90.0,82.0,85.0
2341,35.0,32.0,30.0,90.0,82.0,85.0
2342,35.0,32.0,30.0,90.0,82.0,85.0
2343,35.0,32.0,30.0,90.0,229.6,238.0
2344,35.0,32.0,30.0,90.0,451.0,467.5
2345,35.0,32.0,30.0,252.0,598.6,658.75
2346,35.0,32.0,30.0,414.0,709.3,773.5
2347,35.0,32.0,30.0,535.5,746.1999999999999,850.0
2348,35.0,32.0,30.0,535.5,746.1999999999999,850.0
2349,35.0,32.0,30.0,495.0,709.3,811.75
2350,35.0,32.0,30.0,414.0,635.5,697.0
2351,35.0,32.0,30.0,333.0,524.8,544.0
2352,35.0,32.0,30.0,252.0,414.09999999999997,382.5
2353,35.0,32.0,30.0,171.0,266.5,238.0
2354,35.0,32.0,30.0,90.0,118.9,161.5
2355,35.0,32.0,30.0,90.0,82.0,85.0
2356,35.0,32.0,30.0,90.0,82.0,85.0
2357,35.0,32.0,30.0,90.0,82.0,85.0
2358,35.0,32.0,30.0,90.0,82.0,85.0
2359,35.0,32.0,30.0,90.0,82.0,85.0
2360,35.0,32.0,30.0,90.0,82.0,85.0
2361,35.0,32.0,30.0,90.0,82.0,85.0
2362,35.0,32.0,30.0,90.0,82.0,85.0
2363,35.0,32.0,30.0,90.0,82.0,85.0
2364,35.0,32.0,30.0,90.0,82.0,85.0
2365,35.0,32.0,30.0,90.0,82.0,85.0
2366,35.0,32.0,30.0,90.0,82.0,85.0
2367,35.0,32.0,30.0,90.0,82.0,199.75
2368,35.0,32.0,30.0,130.5,303.4,429.25
2369,35.0,32.0,30.0,333.0,487.9,582.25
2370,35.0,32.0,30.0,495.0,598.6,735.25
2371,35.0,32.0,30.0,535.5,672.4,811.75
2372,35.0,32.0,30.0,576.0,672.4,811.75
2373,35.0,32.0,30.0,576.0,598.6,773.5
2374,35.0,32.0,30.0,535.5,524.8,697.0
2375,35.0,32.0,30.0,454.5,451.0,544.0
2376,35.0,32.0,30.0,333.0,340.3,391.0
2377,35.0,32.0,30.0,252.0,229.6,276.25
2378,35.0,32.0,30.0,171.0,155.8,161.5
2379,35.0,32.0,30.0,90.0,118.9,85.0
2380,35.0,32.0,30.0,90.0,82.0,85.0
2381,35.0,32.0,30.0,90.0,82.0,85.0
2382,35.0,32.0,30.0,90.0,82.0,85.0
2383,35.0,32.0,30.0,90.0,82.0,85.0
2384,35.0,32.0,30.0,90.0,82.0,85.0
2385,35.0,32.0,30.0,90.0,82.0,85.0
2386,35.0,32.0,30.0,90.0,82.0,85.0
2387,35.0,32.0,30.0,90.0,82.0,85.0
2388,35.0,32.0,30.0,90.0,82.0,85.0
2389,35.0,32.0,30.0,90.0,82.0,85.0
2390,35.0,32.0,30.0,90.0,82.0,85.0
2391,35.0,32.0,30.0,90.0,192.7,161.5
2392,35.0,32.0,30.0,90.0,414.09999999999997,391.0
2393,35.0,32.0,30.0,171.0,635.5,620.5
2394,35.0,32.0,30.0,292.5,746.1999999999999,697.0
2395,35.0,32.0,30.0,373.5,820.0,735.25
2396,35.0,32.0,30.0,405.0,820.0,773.5
2397,35.0,32.0,30.0,405.0,783.1,735.25
2398,35.0,32.0,30.0,333.0,672.4,658.75
2399,35.0,32.0,30.0,252.0,561.7,505.75
2400,35.0,32.0,30.0,130.5,414.09999999999997,238.0
2401,35.0,32.0,30.0,90.0,229.6,123.25
2402,35.0,32.0,30.0,90.0,118.9,85.0
2403,35.0,32.0,30.0,90.0,82.0,85.0
2404,35.0,32.0,30.0,90.0,118.9,85.0
2405,66.5,60.8,57.0,171.0,229.6,199.75
2406,157.5,144.0,135.0,405.0,370.0,382.5
