Region,TaskType,CandidateID,CandidateRank,CandidateModel,HuberEpsilon,HuberAlpha,WindowCount,MeanRMSE,MeanMAE,MeanWAPE,StdRMSE,WindowRankMin,WindowRankMax,WindowRankStd,WindowWinnerCount,FinalTestUsedForSelection
RegionA,RealTimeInference,SeasonalNaive24,0,SeasonalNaive24,,,8,9.464209134970915,7.739583333333334,0.7990439316118163,0.8487709444836884,10,11,0.4841229182759271,0,False
RegionA,RealTimeInference,SeasonalNaive168,1,SeasonalNaive168,,,8,8.77606309978755,6.973958333333334,0.7144054414241002,2.017240227442933,1,11,3.152380053229623,1,False
RegionA,RealTimeInference,"Huber(epsilon=1.10,alpha=0.0001)",2,Huber,1.1,0.0001,8,6.822152557291705,5.403102460500484,0.5568609835407132,1.0883631236138482,1,10,3.418698582794336,2,False
RegionA,RealTimeInference,"Huber(epsilon=1.10,alpha=0.001)",3,Huber,1.1,0.001,8,6.8221516911636355,5.403112299921297,0.5568621205119857,1.0883676832095621,2,9,2.7357585785299112,0,False
RegionA,RealTimeInference,"Huber(epsilon=1.10,alpha=0.01)",4,Huber,1.1,0.01,8,6.8221575520829365,5.40310575176923,0.5568613524952282,1.08838460950875,3,9,2.1213203435596424,0,False
RegionA,RealTimeInference,"Huber(epsilon=1.35,alpha=0.0001)",5,Huber,1.35,0.0001,8,6.783549189010722,5.404622056476953,0.5581721806356827,1.0467439459348198,4,7,1.0897247358851685,0,False
RegionA,RealTimeInference,"Huber(epsilon=1.35,alpha=0.001)",6,Huber,1.35,0.001,8,6.783555991210758,5.404624455000368,0.5581723720556452,1.0467548716699515,5,6,0.4841229182759271,0,False
RegionA,RealTimeInference,"Huber(epsilon=1.35,alpha=0.01)",7,Huber,1.35,0.01,8,6.783542842150684,5.404621760588208,0.5581721866719733,1.0467478469212508,4,6,0.82915619758885,0,False
RegionA,RealTimeInference,"Huber(epsilon=1.75,alpha=0.0001)",8,Huber,1.75,0.0001,8,6.75818412258001,5.425374089675868,0.5612522399709815,0.9920064959107808,1,7,2.2878756522153907,2,False
RegionA,RealTimeInference,"Huber(epsilon=1.75,alpha=0.001)",9,Huber,1.75,0.001,8,6.758196783403873,5.425382304330055,0.5612533640022166,0.9919938524650646,1,8,2.595067436503337,1,False
RegionA,RealTimeInference,"Huber(epsilon=1.75,alpha=0.01)",10,Huber,1.75,0.01,8,6.7580832836477684,5.4253402299075475,0.561249290360067,0.9919650691831985,1,9,3.059309562630104,2,False
RegionA,BatchInference,SeasonalNaive24,0,SeasonalNaive24,,,8,29.047732523958576,21.765625,1.1663509862030126,3.808579378616882,10,11,0.4841229182759271,0,False
RegionA,BatchInference,SeasonalNaive168,1,SeasonalNaive168,,,8,26.065305101517417,20.619791666666664,1.1221045079539649,3.719441485601033,1,11,3.152380053229623,1,False
RegionA,BatchInference,"Huber(epsilon=1.10,alpha=0.0001)",2,Huber,1.1,0.0001,8,19.670184586304966,15.108817388889012,0.8027638369586301,3.2564165825173848,1,10,3.059309562630104,2,False
RegionA,BatchInference,"Huber(epsilon=1.10,alpha=0.001)",3,Huber,1.1,0.001,8,19.671020506321895,15.109797368314517,0.802838434247542,3.2557104722725434,2,9,2.5708704751503917,0,False
RegionA,BatchInference,"Huber(epsilon=1.10,alpha=0.01)",4,Huber,1.1,0.01,8,19.67028294823031,15.10882182107779,0.8027657957297677,3.256413856790005,1,9,2.9553976043842223,1,False
RegionA,BatchInference,"Huber(epsilon=1.35,alpha=0.0001)",5,Huber,1.35,0.0001,8,19.67638187176944,15.116491393378816,0.8035463401833923,3.2220330801546613,4,9,1.6153559979150107,0,False
RegionA,BatchInference,"Huber(epsilon=1.35,alpha=0.001)",6,Huber,1.35,0.001,8,19.676388537081735,15.116498715622473,0.8035466859193336,3.222031340555999,4,8,1.3228756555322954,0,False
RegionA,BatchInference,"Huber(epsilon=1.35,alpha=0.01)",7,Huber,1.35,0.01,8,19.676382385441556,15.116499109358639,0.8035466314251878,3.2220515394013503,4,9,1.5612494995995996,0,False
RegionA,BatchInference,"Huber(epsilon=1.75,alpha=0.0001)",8,Huber,1.75,0.0001,8,19.518159435316235,15.227328420338612,0.8132302073656914,3.1292281930602526,1,9,3.122498999199199,2,False
RegionA,BatchInference,"Huber(epsilon=1.75,alpha=0.001)",9,Huber,1.75,0.001,8,19.518163103311995,15.227330976558644,0.813230313193938,3.1292313082399774,2,8,2.7838821814150108,0,False
RegionA,BatchInference,"Huber(epsilon=1.75,alpha=0.01)",10,Huber,1.75,0.01,8,19.518146500736158,15.227322625960298,0.8132298024448367,3.1292217837937524,1,9,2.8912583765550943,2,False
RegionA,AITraining,SeasonalNaive24,0,SeasonalNaive24,,,8,72.14934705747294,44.53125,1.8504646749315758,11.321662974742534,4,11,2.222048604328897,0,False
RegionA,AITraining,SeasonalNaive168,1,SeasonalNaive168,,,8,70.08743144637779,44.53125,1.7419276862898805,14.464463462199097,10,11,0.5,0,False
RegionA,AITraining,"Huber(epsilon=1.10,alpha=0.0001)",2,Huber,1.1,0.0001,8,55.44548088296048,28.161462761527726,1.000000176243434,16.92602776504421,7,9,0.7806247497997998,0,False
RegionA,AITraining,"Huber(epsilon=1.10,alpha=0.001)",3,Huber,1.1,0.001,8,55.44548034707944,28.161462573967842,1.0000001705689836,16.926028862822704,7,9,0.6614378277661477,0,False
RegionA,AITraining,"Huber(epsilon=1.10,alpha=0.01)",4,Huber,1.1,0.01,8,55.44548067945112,28.161462891358727,1.00000018423989,16.926028048147053,7,10,1.118033988749895,0,False
RegionA,AITraining,"Huber(epsilon=1.35,alpha=0.0001)",5,Huber,1.35,0.0001,8,55.445467607444776,28.161478235757873,1.0000009178274083,16.92602585022195,4,6,0.5994789404140899,0,False
RegionA,AITraining,"Huber(epsilon=1.35,alpha=0.001)",6,Huber,1.35,0.001,8,55.44546923615465,28.16147547534285,1.0000007487909504,16.92602558602006,4,6,0.8569568250501305,0,False
RegionA,AITraining,"Huber(epsilon=1.35,alpha=0.01)",7,Huber,1.35,0.01,8,55.44546836893074,28.16147915152849,1.0000009999445916,16.926027329863143,4,7,1.0532687216470449,0,False
RegionA,AITraining,"Huber(epsilon=1.75,alpha=0.0001)",8,Huber,1.75,0.0001,8,50.17341148232285,35.057167827498105,1.3616082044907047,14.961025644667922,1,3,0.9682458365518543,3,False
RegionA,AITraining,"Huber(epsilon=1.75,alpha=0.001)",9,Huber,1.75,0.001,8,50.17352029248511,35.056748831367905,1.3615798427789785,14.960900483258447,2,2,0.0,0,False
RegionA,AITraining,"Huber(epsilon=1.75,alpha=0.01)",10,Huber,1.75,0.01,8,50.17346367977557,35.05659393181028,1.361568967985064,14.96085715623597,1,3,0.9682458365518543,5,False
RegionB,RealTimeInference,SeasonalNaive24,0,SeasonalNaive24,,,8,8.318713591859783,6.697916666666666,0.8680061694137908,1.2938331332159145,10,11,0.4841229182759271,0,False
RegionB,RealTimeInference,SeasonalNaive168,1,SeasonalNaive168,,,8,8.495024861314402,6.828125,0.9019926045597937,1.0338895519591205,10,11,0.4841229182759271,0,False
RegionB,RealTimeInference,"Huber(epsilon=1.10,alpha=0.0001)",2,Huber,1.1,0.0001,8,6.06550959591762,4.8690400870086705,0.6306534591158218,1.1641826547346275,1,9,3.082207001484488,1,False
RegionB,RealTimeInference,"Huber(epsilon=1.10,alpha=0.001)",3,Huber,1.1,0.001,8,6.065499467238213,4.869024165997179,0.6306508256693072,1.1641937862446583,1,9,3.344772040064913,3,False
RegionB,RealTimeInference,"Huber(epsilon=1.10,alpha=0.01)",4,Huber,1.1,0.01,8,6.065518201477294,4.86903084365889,0.6306521999819286,1.1641841715024221,2,9,2.8613807855648994,0,False
RegionB,RealTimeInference,"Huber(epsilon=1.35,alpha=0.0001)",5,Huber,1.35,0.0001,8,6.04949413786412,4.879154524918457,0.6333408133376247,1.1203632415572247,4,6,0.9682458365518543,0,False
RegionB,RealTimeInference,"Huber(epsilon=1.35,alpha=0.001)",6,Huber,1.35,0.001,8,6.0494932760726075,4.8791538666011585,0.6333407364982448,1.1203639103445684,4,5,0.33071891388307384,0,False
RegionB,RealTimeInference,"Huber(epsilon=1.35,alpha=0.01)",7,Huber,1.35,0.01,8,6.0496067511591,4.8790869485300385,0.6333334977765004,1.1204579442381917,4,6,0.8569568250501305,0,False
RegionB,RealTimeInference,"Huber(epsilon=1.75,alpha=0.0001)",8,Huber,1.75,0.0001,8,6.041173439304925,4.903647361222479,0.6384990023479441,1.0514282623954023,1,9,3.122498999199199,1,False
RegionB,RealTimeInference,"Huber(epsilon=1.75,alpha=0.001)",9,Huber,1.75,0.001,8,6.041163928183411,4.9036351605290545,0.6384967933004485,1.0514334705757158,1,8,3.0413812651491097,1,False
RegionB,RealTimeInference,"Huber(epsilon=1.75,alpha=0.01)",10,Huber,1.75,0.01,8,6.041171815266664,4.903627193662268,0.6384957391670406,1.0514596530970082,1,9,3.1622776601683795,2,False
RegionB,BatchInference,SeasonalNaive24,0,SeasonalNaive24,,,8,22.204505129635315,17.708333333333336,0.993599778021994,2.170242370796146,10,11,0.5,0,False
RegionB,BatchInference,SeasonalNaive168,1,SeasonalNaive168,,,8,21.28286441363916,16.380208333333332,0.913327940315223,3.2776222098728582,4,11,2.222048604328897,0,False
RegionB,BatchInference,"Huber(epsilon=1.10,alpha=0.0001)",2,Huber,1.1,0.0001,8,15.64060901212153,12.510199430570877,0.7006187017887833,2.1062994538284854,2,9,2.5,0,False
RegionB,BatchInference,"Huber(epsilon=1.10,alpha=0.001)",3,Huber,1.1,0.001,8,15.640654018605485,12.510412177312471,0.7006319636364664,2.1061245739643746,2,10,2.912795049432761,0,False
RegionB,BatchInference,"Huber(epsilon=1.10,alpha=0.01)",4,Huber,1.1,0.01,8,15.64034128928542,12.510142762470748,0.7006173451565844,2.106274112033612,1,9,3.082207001484488,3,False
RegionB,BatchInference,"Huber(epsilon=1.35,alpha=0.0001)",5,Huber,1.35,0.0001,8,15.648654630711007,12.533865693695182,0.702259561228497,2.0778367856751117,1,8,1.8708286933869707,1,False
RegionB,BatchInference,"Huber(epsilon=1.35,alpha=0.001)",6,Huber,1.35,0.001,8,15.648675618055375,12.5338646298284,0.7022595494679768,2.0778337024850657,2,7,1.4523687548277813,0,False
RegionB,BatchInference,"Huber(epsilon=1.35,alpha=0.01)",7,Huber,1.35,0.01,8,15.648671910588982,12.533879547518517,0.7022606681455721,2.077841601183136,3,9,1.6393596310755,0,False
RegionB,BatchInference,"Huber(epsilon=1.75,alpha=0.0001)",8,Huber,1.75,0.0001,8,15.553807225300439,12.595573948885454,0.7075001432247381,2.028598703614723,1,7,2.598076211353316,2,False
RegionB,BatchInference,"Huber(epsilon=1.75,alpha=0.001)",9,Huber,1.75,0.001,8,15.553812247903878,12.595566002447015,0.7074997544746611,2.0285973689153134,2,8,3.0,0,False
RegionB,BatchInference,"Huber(epsilon=1.75,alpha=0.01)",10,Huber,1.75,0.01,8,15.553818064401735,12.595716411697804,0.7075075880320949,2.0285878969140057,1,9,3.570714214271425,2,False
RegionB,AITraining,SeasonalNaive24,0,SeasonalNaive24,,,8,68.61021756444364,43.11458333333333,1.4800899067149766,14.80120082154512,4,11,2.222048604328897,0,False
RegionB,AITraining,SeasonalNaive168,1,SeasonalNaive168,,,8,74.015314916258,48.0625,1.714894202729508,13.380794365326542,4,11,2.222048604328897,0,False
RegionB,AITraining,"Huber(epsilon=1.10,alpha=0.0001)",2,Huber,1.1,0.0001,8,57.7615827294928,29.36982388286352,1.0000009274936583,11.76596343586451,6,9,1.224744871391589,0,False
RegionB,AITraining,"Huber(epsilon=1.10,alpha=0.001)",3,Huber,1.1,0.001,8,57.76158266781516,29.36982396125019,1.0000009290104819,11.765963546851847,5,10,1.6393596310755,0,False
RegionB,AITraining,"Huber(epsilon=1.10,alpha=0.01)",4,Huber,1.1,0.01,8,57.761582874188406,29.36982399483813,1.0000009318239822,11.765963327793623,4,9,1.4947825928876748,0,False
RegionB,AITraining,"Huber(epsilon=1.35,alpha=0.0001)",5,Huber,1.35,0.0001,8,57.761633285711795,29.369812497948516,1.0000006868925875,11.766019515639531,5,9,1.3919410907075054,0,False
RegionB,AITraining,"Huber(epsilon=1.35,alpha=0.001)",6,Huber,1.35,0.001,8,57.761635553673,29.369811444223814,1.0000006517647184,11.76602090887804,4,10,1.8666480653835098,0,False
RegionB,AITraining,"Huber(epsilon=1.35,alpha=0.01)",7,Huber,1.35,0.01,8,57.761630020154755,29.369816386262166,1.0000008367474122,11.766022988037648,4,9,2.0463381929681126,0,False
RegionB,AITraining,"Huber(epsilon=1.75,alpha=0.0001)",8,Huber,1.75,0.0001,8,51.84039712792318,34.750769501922974,1.2129092422453827,11.07427384667141,1,3,0.8569568250501305,5,False
RegionB,AITraining,"Huber(epsilon=1.75,alpha=0.001)",9,Huber,1.75,0.001,8,51.84048492898152,34.75080122106917,1.2129096442078569,11.07435064484782,2,3,0.4330127018922193,0,False
RegionB,AITraining,"Huber(epsilon=1.75,alpha=0.01)",10,Huber,1.75,0.01,8,51.840429199296565,34.750597571454726,1.2129014743957864,11.074273118784443,1,3,0.9270248108869579,3,False
RegionC,RealTimeInference,SeasonalNaive24,0,SeasonalNaive24,,,8,8.279882493965824,6.473958333333333,0.8800554913519407,1.0210309591053726,10,11,0.4841229182759271,0,False
RegionC,RealTimeInference,SeasonalNaive168,1,SeasonalNaive168,,,8,7.871521561539343,6.046875,0.8293091893748588,1.7146982162724431,1,11,3.152380053229623,1,False
RegionC,RealTimeInference,"Huber(epsilon=1.10,alpha=0.0001)",2,Huber,1.1,0.0001,8,5.988465773043317,4.56407913296248,0.6216204452781162,0.7632516406529348,2,10,2.537222891273055,0,False
RegionC,RealTimeInference,"Huber(epsilon=1.10,alpha=0.001)",3,Huber,1.1,0.001,8,5.988459359227505,4.564082338293911,0.6216211772222222,0.7632574053939963,1,9,2.595067436503337,1,False
RegionC,RealTimeInference,"Huber(epsilon=1.10,alpha=0.01)",4,Huber,1.1,0.01,8,5.988465291753404,4.564078359122901,0.6216202920030514,0.763254002753597,3,9,1.920286436967152,0,False
RegionC,RealTimeInference,"Huber(epsilon=1.35,alpha=0.0001)",5,Huber,1.35,0.0001,8,5.96400299352471,4.555283342964486,0.6205188609147719,0.7741881911891794,3,8,1.5761900266148114,0,False
RegionC,RealTimeInference,"Huber(epsilon=1.35,alpha=0.001)",6,Huber,1.35,0.001,8,5.964002968895717,4.55528354738105,0.6205188840651839,0.7741878488063139,2,7,1.3635890143294642,0,False
RegionC,RealTimeInference,"Huber(epsilon=1.35,alpha=0.01)",7,Huber,1.35,0.01,8,5.964004048888009,4.555282660052888,0.6205185822296235,0.7741858111883506,1,9,2.1469455046647083,1,False
RegionC,RealTimeInference,"Huber(epsilon=1.75,alpha=0.0001)",8,Huber,1.75,0.0001,8,5.914683382246016,4.578302833046953,0.6246624710044204,0.7353620309449179,1,9,3.0,2,False
RegionC,RealTimeInference,"Huber(epsilon=1.75,alpha=0.001)",9,Huber,1.75,0.001,8,5.914682724584976,4.578303001814458,0.6246624683117857,0.735361878822935,2,8,2.598076211353316,0,False
RegionC,RealTimeInference,"Huber(epsilon=1.75,alpha=0.01)",10,Huber,1.75,0.01,8,5.91468156357577,4.578301806146198,0.624662197708769,0.7353657502887232,1,7,2.341874249399399,3,False
RegionC,BatchInference,SeasonalNaive24,0,SeasonalNaive24,,,8,21.93591070397173,17.026041666666664,1.1951337353285738,5.588137428581371,10,11,0.4841229182759271,0,False
RegionC,BatchInference,SeasonalNaive168,1,SeasonalNaive168,,,8,20.541693988065838,15.895833333333332,1.1058434223633258,5.0566844968477005,10,11,0.4841229182759271,0,False
RegionC,BatchInference,"Huber(epsilon=1.10,alpha=0.0001)",2,Huber,1.1,0.0001,8,14.771348586281103,11.614613187022266,0.80035995327897,4.515653266999916,6,9,0.9270248108869579,0,False
RegionC,BatchInference,"Huber(epsilon=1.10,alpha=0.001)",3,Huber,1.1,0.001,8,14.77120957837625,11.614458095481474,0.8003488728943746,4.515654857597662,5,8,0.7806247497997998,0,False
RegionC,BatchInference,"Huber(epsilon=1.10,alpha=0.01)",4,Huber,1.1,0.01,8,14.771428770113136,11.614918280232143,0.8003806538742002,4.5156142711478955,4,9,1.6153559979150107,0,False
RegionC,BatchInference,"Huber(epsilon=1.35,alpha=0.0001)",5,Huber,1.35,0.0001,8,14.674533917562245,11.58067044178726,0.7980259817819007,4.484929018482068,2,6,1.3169567191065923,0,False
RegionC,BatchInference,"Huber(epsilon=1.35,alpha=0.001)",6,Huber,1.35,0.001,8,14.674530744430808,11.580635364389545,0.7980233281814948,4.484931416077998,2,5,1.0532687216470449,0,False
RegionC,BatchInference,"Huber(epsilon=1.35,alpha=0.01)",7,Huber,1.35,0.01,8,14.674577384000921,11.580692022420163,0.7980269074510219,4.484962903631108,1,6,2.0463381929681126,2,False
RegionC,BatchInference,"Huber(epsilon=1.75,alpha=0.0001)",8,Huber,1.75,0.0001,8,14.526743827201393,11.565199092887193,0.7981123562754546,4.325713836281481,1,8,2.165063509461097,2,False
RegionC,BatchInference,"Huber(epsilon=1.75,alpha=0.001)",9,Huber,1.75,0.001,8,14.526762971698103,11.565206032663443,0.798112886485528,4.325703043851845,2,9,2.449489742783178,0,False
RegionC,BatchInference,"Huber(epsilon=1.75,alpha=0.01)",10,Huber,1.75,0.01,8,14.526603594119454,11.565014469366103,0.7980977103644641,4.325780242777937,1,7,1.996089927833914,4,False
RegionC,AITraining,SeasonalNaive24,0,SeasonalNaive24,,,8,57.099727253804446,35.411458333333336,1.764461604812821,9.89272152685035,4,11,2.8476964374736293,0,False
RegionC,AITraining,SeasonalNaive168,1,SeasonalNaive168,,,8,61.07664014212644,39.24479166666667,1.9016639416242098,12.59146816760681,1,11,3.24037034920393,1,False
RegionC,AITraining,"Huber(epsilon=1.10,alpha=0.0001)",2,Huber,1.1,0.0001,8,46.14482947175057,23.6666993599336,1.0000030925024257,12.851144560851338,4,10,2.2043990110685496,0,False
RegionC,AITraining,"Huber(epsilon=1.10,alpha=0.001)",3,Huber,1.1,0.001,8,46.144831562148795,23.666698593562877,1.0000030671458675,12.851146676263802,4,9,1.8540496217739157,0,False
RegionC,AITraining,"Huber(epsilon=1.10,alpha=0.01)",4,Huber,1.1,0.01,8,46.144843349625454,23.666683688970757,1.000002284483529,12.851147615588566,5,10,1.5761900266148114,0,False
RegionC,AITraining,"Huber(epsilon=1.35,alpha=0.0001)",5,Huber,1.35,0.0001,8,46.14482301422334,23.666725188396274,1.000005974484217,12.851148798916382,5,8,0.9921567416492215,0,False
RegionC,AITraining,"Huber(epsilon=1.35,alpha=0.001)",6,Huber,1.35,0.001,8,46.14485013494543,23.66668581843721,1.000000877006641,12.851096380307153,4,9,1.713913650100261,0,False
RegionC,AITraining,"Huber(epsilon=1.35,alpha=0.01)",7,Huber,1.35,0.01,8,46.14476876614353,23.666739935961363,1.0000060009520013,12.851080988237372,4,10,1.899835519196333,0,False
RegionC,AITraining,"Huber(epsilon=1.75,alpha=0.0001)",8,Huber,1.75,0.0001,8,41.48439802280345,28.58043642000356,1.3562705229706178,11.25288151602448,1,4,1.165922381636102,4,False
RegionC,AITraining,"Huber(epsilon=1.75,alpha=0.001)",9,Huber,1.75,0.001,8,41.48439848494515,28.580439019635428,1.3562709492524474,11.252874310459307,2,3,0.33071891388307384,0,False
RegionC,AITraining,"Huber(epsilon=1.75,alpha=0.01)",10,Huber,1.75,0.01,8,41.484409751713955,28.580463084101886,1.3562751606432575,11.252807464255085,1,3,0.9270248108869579,3,False
RegionD,RealTimeInference,SeasonalNaive24,0,SeasonalNaive24,,,8,2.3114615993394185,1.140625,1.7302655677655676,0.6502078704377973,1,11,4.205650960315181,2,False
RegionD,RealTimeInference,SeasonalNaive168,1,SeasonalNaive168,,,8,2.526815455158351,1.2291666666666667,1.9236877705627706,0.3960685827474331,10,11,0.5,0,False
RegionD,RealTimeInference,"Huber(epsilon=1.10,alpha=0.0001)",2,Huber,1.1,0.0001,8,1.8593039353487177,0.6822916751524134,1.0000000096159214,0.46353410009857954,4,9,1.920286436967152,0,False
RegionD,RealTimeInference,"Huber(epsilon=1.10,alpha=0.001)",3,Huber,1.1,0.001,8,1.8593039365164352,0.6822916708027478,1.000000006973677,0.4635341036332835,3,9,1.8540496217739157,0,False
RegionD,RealTimeInference,"Huber(epsilon=1.10,alpha=0.01)",4,Huber,1.1,0.01,8,1.8593039373845162,0.6822916691997234,1.0000000039481431,0.46353410237070924,4,9,1.5360257159305635,0,False
RegionD,RealTimeInference,"Huber(epsilon=1.35,alpha=0.0001)",5,Huber,1.35,0.0001,8,1.8593039313494217,0.6822916766918573,1.0000000146459496,0.4635341024671388,2,7,1.5360257159305635,0,False
RegionD,RealTimeInference,"Huber(epsilon=1.35,alpha=0.001)",6,Huber,1.35,0.001,8,1.8593039330868135,0.6822916745525769,1.0000000122920967,0.4635341029967507,1,10,3.307189138830738,1,False
RegionD,RealTimeInference,"Huber(epsilon=1.35,alpha=0.01)",7,Huber,1.35,0.01,8,1.859303935053216,0.6822916726826846,1.0000000094540145,0.4635341029956579,3,7,1.299038105676658,0,False
RegionD,RealTimeInference,"Huber(epsilon=1.75,alpha=0.0001)",8,Huber,1.75,0.0001,8,1.8593039243406104,0.6822916972190406,1.000000048058,0.463534092501702,1,9,2.6457513110645907,1,False
RegionD,RealTimeInference,"Huber(epsilon=1.75,alpha=0.001)",9,Huber,1.75,0.001,8,1.859303923633869,0.6822916906918741,1.0000000375809348,0.4635341014330887,1,9,3.0998991919093113,3,False
RegionD,RealTimeInference,"Huber(epsilon=1.75,alpha=0.01)",10,Huber,1.75,0.01,8,1.8593039235783135,0.6822917055427672,1.0000000529013717,0.46353409380029076,1,9,2.9973947020704497,1,False
RegionD,BatchInference,SeasonalNaive24,0,SeasonalNaive24,,,8,25.11113818228939,19.520833333333336,0.9795556411913799,2.6187444555170276,10,11,0.4841229182759271,0,False
RegionD,BatchInference,SeasonalNaive168,1,SeasonalNaive168,,,8,24.130692568922072,19.0,0.9428383379036614,3.7194994480667947,10,11,0.4841229182759271,0,False
RegionD,BatchInference,"Huber(epsilon=1.10,alpha=0.0001)",2,Huber,1.1,0.0001,8,18.503327500856265,14.608725055376436,0.7256347920765303,2.5871367204119586,4,8,1.5612494995995996,0,False
RegionD,BatchInference,"Huber(epsilon=1.10,alpha=0.001)",3,Huber,1.1,0.001,8,18.50327941424917,14.608765684456706,0.7256368760987677,2.587159059651213,4,9,1.5,0,False
RegionD,BatchInference,"Huber(epsilon=1.10,alpha=0.01)",4,Huber,1.1,0.01,8,18.503297223470348,14.608774157285945,0.7256374330394332,2.587079886162084,4,9,1.899835519196333,0,False
RegionD,BatchInference,"Huber(epsilon=1.35,alpha=0.0001)",5,Huber,1.35,0.0001,8,18.51927940969611,14.586746655219235,0.724335767138695,2.6315624416616084,4,9,2.0879116360612584,0,False
RegionD,BatchInference,"Huber(epsilon=1.35,alpha=0.001)",6,Huber,1.35,0.001,8,18.519301572138485,14.586820881816719,0.7243396712766995,2.6315730989634165,5,8,1.1989578808281798,0,False
RegionD,BatchInference,"Huber(epsilon=1.35,alpha=0.01)",7,Huber,1.35,0.01,8,18.519340726356226,14.586804276198013,0.7243389378402457,2.631486588372685,4,9,1.5612494995995996,0,False
RegionD,BatchInference,"Huber(epsilon=1.75,alpha=0.0001)",8,Huber,1.75,0.0001,8,18.30038542032755,14.516397854408659,0.7213303140672968,2.562045075542756,1,3,0.9270248108869579,4,False
RegionD,BatchInference,"Huber(epsilon=1.75,alpha=0.001)",9,Huber,1.75,0.001,8,18.30038964016623,14.516401677989286,0.7213305006864481,2.562047651209212,2,3,0.33071891388307384,0,False
RegionD,BatchInference,"Huber(epsilon=1.75,alpha=0.01)",10,Huber,1.75,0.01,8,18.300405531179848,14.516403694923303,0.7213305945941864,2.5620107241028403,1,3,1.0,4,False
RegionD,AITraining,SeasonalNaive24,0,SeasonalNaive24,,,8,175.49760644531125,133.91145833333331,0.8111736841731118,24.718024940651006,10,11,0.4330127018922193,0,False
RegionD,AITraining,SeasonalNaive168,1,SeasonalNaive168,,,8,166.84464906876678,132.41666666666666,0.7881086131687862,30.4793057191279,10,11,0.4330127018922193,0,False
RegionD,AITraining,"Huber(epsilon=1.10,alpha=0.0001)",2,Huber,1.1,0.0001,8,122.3396961283527,95.87723476859293,0.5710484475029611,28.574148017539198,1,8,2.6427968139832467,1,False
RegionD,AITraining,"Huber(epsilon=1.10,alpha=0.001)",3,Huber,1.1,0.001,8,122.3910345862701,95.9047032168672,0.5712027757389974,28.631796621818857,1,9,3.119995993587171,1,False
RegionD,AITraining,"Huber(epsilon=1.10,alpha=0.01)",4,Huber,1.1,0.01,8,122.34417609053583,95.93299971699689,0.5713878894937952,28.50559288088285,1,9,2.7357585785299112,1,False
RegionD,AITraining,"Huber(epsilon=1.35,alpha=0.0001)",5,Huber,1.35,0.0001,8,121.92931832878773,96.09249826568566,0.5723878535395222,28.175765295885725,2,6,1.1989578808281798,0,False
RegionD,AITraining,"Huber(epsilon=1.35,alpha=0.001)",6,Huber,1.35,0.001,8,121.92915929192964,96.0921743045607,0.57238609691453,28.17595393922028,1,6,1.5761900266148114,1,False
RegionD,AITraining,"Huber(epsilon=1.35,alpha=0.01)",7,Huber,1.35,0.01,8,121.92904750149606,96.09243730317188,0.5723880189185319,28.17512261455929,2,6,1.2686114456365274,0,False
RegionD,AITraining,"Huber(epsilon=1.75,alpha=0.0001)",8,Huber,1.75,0.0001,8,121.74173317713951,96.54485919310027,0.5752815547662122,27.42823778909839,2,9,2.7386127875258306,0,False
RegionD,AITraining,"Huber(epsilon=1.75,alpha=0.001)",9,Huber,1.75,0.001,8,121.74166525059431,96.54478581212882,0.5752811075399441,27.428326536820844,1,9,2.8722813232690143,1,False
RegionD,AITraining,"Huber(epsilon=1.75,alpha=0.01)",10,Huber,1.75,0.01,8,121.7413315539713,96.54426627482957,0.5752780331815666,27.428051000251656,1,9,3.0388114452858046,3,False
RegionE,RealTimeInference,SeasonalNaive24,0,SeasonalNaive24,,,8,2.895943492520151,1.5104166666666667,1.7154282377568668,0.691443867181946,1,11,3.0998991919093113,1,False
RegionE,RealTimeInference,SeasonalNaive168,1,SeasonalNaive168,,,8,3.4217169810817323,2.010416666666667,2.2321782384282383,0.8355255240726743,10,11,0.4330127018922193,0,False
RegionE,RealTimeInference,"Huber(epsilon=1.10,alpha=0.0001)",2,Huber,1.1,0.0001,8,2.3225119717133706,0.9583333381591451,1.0000000066483195,0.7442142125381541,6,10,1.1989578808281798,0,False
RegionE,RealTimeInference,"Huber(epsilon=1.10,alpha=0.001)",3,Huber,1.1,0.001,8,2.322511969135084,0.9583333599273145,1.0000000359221344,0.744214211493659,4,9,1.6583123951777,0,False
RegionE,RealTimeInference,"Huber(epsilon=1.10,alpha=0.01)",4,Huber,1.1,0.01,8,2.3225119662780203,0.9583333422232768,1.0000000088833687,0.7442142103081464,4,9,1.8540496217739157,0,False
RegionE,RealTimeInference,"Huber(epsilon=1.35,alpha=0.0001)",5,Huber,1.35,0.0001,8,2.322511966653786,0.9583333439449067,1.0000000143549788,0.7442142105090566,4,9,1.7320508075688772,0,False
RegionE,RealTimeInference,"Huber(epsilon=1.35,alpha=0.001)",6,Huber,1.35,0.001,8,2.3225119668832868,0.9583333412956064,1.0000000101483186,0.7442142079738038,4,9,1.7853571071357126,0,False
RegionE,RealTimeInference,"Huber(epsilon=1.35,alpha=0.01)",7,Huber,1.35,0.01,8,2.322511967864215,0.9583333413649637,1.0000000104641507,0.7442142112966237,5,9,1.5811388300841898,0,False
RegionE,RealTimeInference,"Huber(epsilon=1.75,alpha=0.0001)",8,Huber,1.75,0.0001,8,2.322500666157061,0.9583409867265307,1.0000078220347435,0.7442128389538921,1,3,0.9270248108869579,4,False
RegionE,RealTimeInference,"Huber(epsilon=1.75,alpha=0.001)",9,Huber,1.75,0.001,8,2.322511459956473,0.9583339817903925,1.0000006858453965,0.744214081124174,2,4,0.6614378277661477,0,False
RegionE,RealTimeInference,"Huber(epsilon=1.75,alpha=0.01)",10,Huber,1.75,0.01,8,2.3224859438417376,0.9583764120062586,1.000037271354709,0.7441991641930852,1,3,0.6614378277661477,3,False
RegionE,BatchInference,SeasonalNaive24,0,SeasonalNaive24,,,8,17.611054839957642,13.317708333333332,1.0693069507935968,3.116106933980996,1,11,3.152380053229623,1,False
RegionE,BatchInference,SeasonalNaive168,1,SeasonalNaive168,,,8,19.126331014717486,14.401041666666668,1.1618363932899332,1.9581888525171862,10,11,0.4841229182759271,0,False
RegionE,BatchInference,"Huber(epsilon=1.10,alpha=0.0001)",2,Huber,1.1,0.0001,8,14.472308063244828,11.137378536306215,0.8883701796958168,2.4415628997139054,5,10,1.479019945774904,0,False
RegionE,BatchInference,"Huber(epsilon=1.10,alpha=0.001)",3,Huber,1.1,0.001,8,14.472388177550348,11.137446822349753,0.8883755012104401,2.441481930484259,6,9,0.82915619758885,0,False
RegionE,BatchInference,"Huber(epsilon=1.10,alpha=0.01)",4,Huber,1.1,0.01,8,14.472352613828207,11.137371611402072,0.8883664465544505,2.4416802173875185,4,9,1.6393596310755,0,False
RegionE,BatchInference,"Huber(epsilon=1.35,alpha=0.0001)",5,Huber,1.35,0.0001,8,14.044804373608844,11.010536906144186,0.8797638695287449,2.333507589483919,1,7,1.7275343701356567,1,False
RegionE,BatchInference,"Huber(epsilon=1.35,alpha=0.001)",6,Huber,1.35,0.001,8,14.044803279871072,11.010536111752383,0.8797638197180454,2.333507173153614,3,6,0.82915619758885,0,False
RegionE,BatchInference,"Huber(epsilon=1.35,alpha=0.01)",7,Huber,1.35,0.01,8,14.044602677527394,11.010246454096894,0.8797431322115481,2.333703784680672,2,6,1.3635890143294642,0,False
RegionE,BatchInference,"Huber(epsilon=1.75,alpha=0.0001)",8,Huber,1.75,0.0001,8,13.8077897531245,11.005277833530197,0.8828582350806682,2.261878792988599,1,9,2.54644359843292,4,False
RegionE,BatchInference,"Huber(epsilon=1.75,alpha=0.001)",9,Huber,1.75,0.001,8,13.807786268106206,11.005273296863,0.8828578198978173,2.261878777026145,2,8,1.964529205687714,0,False
RegionE,BatchInference,"Huber(epsilon=1.75,alpha=0.01)",10,Huber,1.75,0.01,8,13.80772982039931,11.00521270365154,0.8828516047930672,2.261901848748717,1,7,1.7633419974582356,2,False
RegionE,AITraining,SeasonalNaive24,0,SeasonalNaive24,,,8,146.64650892947472,114.05729166666666,0.9467533404636559,21.68607372941187,10,11,0.5,0,False
RegionE,AITraining,SeasonalNaive168,1,SeasonalNaive168,,,8,144.62171422602248,115.328125,0.954775812163764,21.84086344431821,10,11,0.5,0,False
RegionE,AITraining,"Huber(epsilon=1.10,alpha=0.0001)",2,Huber,1.1,0.0001,8,104.87093396426192,80.61388736035937,0.6685901840443351,15.306509054962737,1,8,2.3979157616563596,1,False
RegionE,AITraining,"Huber(epsilon=1.10,alpha=0.001)",3,Huber,1.1,0.001,8,104.87126960873138,80.61397624317276,0.6685908609581962,15.30681036644514,1,9,2.817356917396161,1,False
RegionE,AITraining,"Huber(epsilon=1.10,alpha=0.01)",4,Huber,1.1,0.01,8,104.87155823147629,80.61412429732587,0.6685920574215112,15.305551061211647,3,9,2.598076211353316,0,False
RegionE,AITraining,"Huber(epsilon=1.35,alpha=0.0001)",5,Huber,1.35,0.0001,8,104.50724047065691,80.64507867850915,0.6689995485433275,15.27198956499542,3,8,1.4086784586980805,0,False
RegionE,AITraining,"Huber(epsilon=1.35,alpha=0.001)",6,Huber,1.35,0.001,8,104.50757899304406,80.645459159903,0.6690026143769887,15.272134791195963,2,9,1.8328597873268975,0,False
RegionE,AITraining,"Huber(epsilon=1.35,alpha=0.01)",7,Huber,1.35,0.01,8,104.50787398049016,80.64564261755174,0.6690040818358105,15.271105713571764,1,7,1.7853571071357126,1,False
RegionE,AITraining,"Huber(epsilon=1.75,alpha=0.0001)",8,Huber,1.75,0.0001,8,104.1246522671316,81.86981722782659,0.6793339233405413,14.729084790026379,1,8,2.8476964374736293,2,False
RegionE,AITraining,"Huber(epsilon=1.75,alpha=0.001)",9,Huber,1.75,0.001,8,104.12476734146145,81.87028727398354,0.6793378239265422,14.728874601466844,1,9,3.3517719194479807,1,False
RegionE,AITraining,"Huber(epsilon=1.75,alpha=0.01)",10,Huber,1.75,0.01,8,104.12538155228592,81.87092667156443,0.6793429678730217,14.727745582710632,1,9,2.817356917396161,2,False
RegionF,RealTimeInference,SeasonalNaive24,0,SeasonalNaive24,,,8,2.9306743274481786,1.390625,1.5435088720803005,0.48915538066770203,1,11,3.191786333700926,1,False
RegionF,RealTimeInference,SeasonalNaive168,1,SeasonalNaive168,,,8,3.0431044194675287,1.5104166666666667,1.5986557955502054,0.42073209078604373,10,11,0.5,0,False
RegionF,RealTimeInference,"Huber(epsilon=1.10,alpha=0.0001)",2,Huber,1.1,0.0001,8,2.11953994791717,0.8281250048973422,1.0000000058444438,0.8733605945330765,2,9,2.4206145913796355,0,False
RegionF,RealTimeInference,"Huber(epsilon=1.10,alpha=0.001)",3,Huber,1.1,0.001,8,2.1195399410209887,0.8281250059313094,1.0000000066160963,0.8733605951126372,1,9,2.6457513110645907,1,False
RegionF,RealTimeInference,"Huber(epsilon=1.10,alpha=0.01)",4,Huber,1.1,0.01,8,2.119539948350388,0.8281250066811767,1.0000000070232224,0.873360592816498,1,10,3.119995993587171,1,False
RegionF,RealTimeInference,"Huber(epsilon=1.35,alpha=0.0001)",5,Huber,1.35,0.0001,8,2.1195399466469356,0.8281250063730348,1.000000006749921,0.8733605909606619,3,8,1.8328597873268975,0,False
RegionF,RealTimeInference,"Huber(epsilon=1.35,alpha=0.001)",6,Huber,1.35,0.001,8,2.1195399448168497,0.8281250085009302,1.000000009209098,0.8733605903631612,2,8,1.9364916731037085,0,False
RegionF,RealTimeInference,"Huber(epsilon=1.35,alpha=0.01)",7,Huber,1.35,0.01,8,2.119539946511915,0.8281250053854459,1.000000005971686,0.8733605938093499,1,10,3.1399641717701177,2,False
RegionF,RealTimeInference,"Huber(epsilon=1.75,alpha=0.0001)",8,Huber,1.75,0.0001,8,2.119539945542991,0.8281250124118466,1.0000000129255289,0.8733605880670646,2,9,2.23606797749979,0,False
RegionF,RealTimeInference,"Huber(epsilon=1.75,alpha=0.001)",9,Huber,1.75,0.001,8,2.119539943851693,0.8281250184888753,1.0000000221547354,0.8733605899918729,1,9,3.0388114452858046,2,False
RegionF,RealTimeInference,"Huber(epsilon=1.75,alpha=0.01)",10,Huber,1.75,0.01,8,2.119539942792877,0.8281250146353856,1.0000000172906585,0.8733605912533834,1,8,2.1469455046647083,1,False
RegionF,BatchInference,SeasonalNaive24,0,SeasonalNaive24,,,8,20.595580617204668,15.718750000000002,1.273522469183033,2.015351674908535,10,11,0.4841229182759271,0,False
RegionF,BatchInference,SeasonalNaive168,1,SeasonalNaive168,,,8,19.218827995251235,14.203125,1.1528197841447985,2.4035963656461528,10,11,0.4841229182759271,0,False
RegionF,BatchInference,"Huber(epsilon=1.10,alpha=0.0001)",2,Huber,1.1,0.0001,8,14.8779114143169,11.108689338212333,0.8937506992311373,2.3771350663146,7,9,0.6614378277661477,0,False
RegionF,BatchInference,"Huber(epsilon=1.10,alpha=0.001)",3,Huber,1.1,0.001,8,14.877889573467769,11.10870835511069,0.8937520340020579,2.3770520828443793,7,9,0.82915619758885,0,False
RegionF,BatchInference,"Huber(epsilon=1.10,alpha=0.01)",4,Huber,1.1,0.01,8,14.877933579553599,11.108675916195134,0.8937499528111061,2.376984946494279,7,9,0.8660254037844386,0,False
RegionF,BatchInference,"Huber(epsilon=1.35,alpha=0.0001)",5,Huber,1.35,0.0001,8,14.38317227629214,11.096776090125143,0.893586230390065,2.3096223907663074,3,6,1.0897247358851685,0,False
RegionF,BatchInference,"Huber(epsilon=1.35,alpha=0.001)",6,Huber,1.35,0.001,8,14.38317407281032,11.096779161552234,0.8935864130595734,2.3096302252750576,2,6,1.0897247358851685,0,False
RegionF,BatchInference,"Huber(epsilon=1.35,alpha=0.01)",7,Huber,1.35,0.01,8,14.383159936596076,11.096761802894841,0.8935848369859649,2.3096695089912065,1,6,1.5761900266148114,1,False
RegionF,BatchInference,"Huber(epsilon=1.75,alpha=0.0001)",8,Huber,1.75,0.0001,8,14.186578314384956,11.14083821094318,0.8981442850172364,2.250582257835891,1,6,1.3919410907075054,1,False
RegionF,BatchInference,"Huber(epsilon=1.75,alpha=0.001)",9,Huber,1.75,0.001,8,14.18656406674139,11.140825553247492,0.8981432913191585,2.250593033720328,1,5,1.224744871391589,3,False
RegionF,BatchInference,"Huber(epsilon=1.75,alpha=0.01)",10,Huber,1.75,0.01,8,14.186572633304248,11.140842419965033,0.8981444741741939,2.250608015066316,1,4,1.1110243021644486,3,False
RegionF,AITraining,SeasonalNaive24,0,SeasonalNaive24,,,8,143.71591340018733,114.125,0.9189796812752925,17.47667451824064,10,11,0.33071891388307384,0,False
RegionF,AITraining,SeasonalNaive168,1,SeasonalNaive168,,,8,127.76557904371597,99.60416666666666,0.801511010439925,11.73263518100808,7,11,1.0897247358851685,0,False
RegionF,AITraining,"Huber(epsilon=1.10,alpha=0.0001)",2,Huber,1.1,0.0001,8,108.48385292305568,87.89655168426634,0.7032464844165296,12.573965237436228,1,8,2.2325713874364688,1,False
RegionF,AITraining,"Huber(epsilon=1.10,alpha=0.001)",3,Huber,1.1,0.001,8,108.48417585294932,87.89689047453695,0.7032486098450589,12.574001621790329,3,9,2.1065374432940898,0,False
RegionF,AITraining,"Huber(epsilon=1.10,alpha=0.01)",4,Huber,1.1,0.01,8,108.48442348619378,87.89701818483641,0.7032496419909231,12.574313198786536,2,10,2.5708704751503917,0,False
RegionF,AITraining,"Huber(epsilon=1.35,alpha=0.0001)",5,Huber,1.35,0.0001,8,107.8664857036162,87.98729933582382,0.7045768748833516,12.371783308126789,3,6,1.0532687216470449,0,False
RegionF,AITraining,"Huber(epsilon=1.35,alpha=0.001)",6,Huber,1.35,0.001,8,107.86642815190766,87.98746735289384,0.7045780301895628,12.371750742766459,2,6,1.118033988749895,0,False
RegionF,AITraining,"Huber(epsilon=1.35,alpha=0.01)",7,Huber,1.35,0.01,8,107.86635173127752,87.98703645599744,0.7045749587782835,12.371736193056654,1,6,1.5811388300841898,1,False
RegionF,AITraining,"Huber(epsilon=1.75,alpha=0.0001)",8,Huber,1.75,0.0001,8,106.91315537501805,87.81529952456434,0.7045495018627276,11.652484110623318,1,9,2.449489742783178,1,False
RegionF,AITraining,"Huber(epsilon=1.75,alpha=0.001)",9,Huber,1.75,0.001,8,106.91280709771698,87.81543471069327,0.7045504132982446,11.652501371888563,1,8,2.7726341266023544,2,False
RegionF,AITraining,"Huber(epsilon=1.75,alpha=0.01)",10,Huber,1.75,0.01,8,106.91221713933814,87.81433284942091,0.7045416146360906,11.652902015160322,1,9,2.8613807855648994,3,False
