TaskID,TaskType,SourceRegion,ExecutionRegion,ArrivalHour,StartHour,FinishHour,WaitHour,NetworkLatency_ms,GPU_Demand
3498,RealTimeInference,RegionB,RegionB,2376,2376,2377.1833333333334,0,5.0,2.0
3809,AITraining,RegionF,RegionF,2376,2376,2377.633333333333,0,5.0,32.0
7403,BatchInference,RegionD,RegionD,2376,2376,2382.233333333333,0,5.0,10.0
7902,BatchInference,RegionE,RegionE,2376,2376,2376.4333333333334,0,5.0,11.0
9267,BatchInference,RegionE,RegionE,2376,2376,2376.366666666667,0,5.0,7.0
9415,AITraining,RegionD,RegionD,2376,2376,2377.4666666666667,0,5.0,119.0
11961,AITraining,RegionE,RegionE,2376,2376,2380.1,0,5.0,111.0
14647,BatchInference,RegionA,RegionA,2376,2376,2377.233333333333,0,5.0,11.0
17820,RealTimeInference,RegionC,RegionC,2376,2376,2377.25,0,5.0,1.0
18201,BatchInference,RegionE,RegionE,2376,2376,2376.6666666666665,0,5.0,16.0
26377,BatchInference,RegionB,RegionB,2376,2376,2382.4333333333334,0,5.0,17.0
29779,BatchInference,RegionF,RegionF,2376,2376,2381.6,0,5.0,17.0
31600,RealTimeInference,RegionB,RegionB,2376,2376,2381.05,0,5.0,3.0
33422,BatchInference,RegionB,RegionB,2376,2376,2382.1833333333334,0,5.0,9.0
33742,RealTimeInference,RegionA,RegionA,2376,2376,2378.5833333333335,0,5.0,3.0
35335,AITraining,RegionF,RegionF,2376,2376,2379.2166666666667,0,5.0,34.0
41926,RealTimeInference,RegionC,RegionC,2376,2376,2379.6833333333334,0,5.0,6.0
42169,AITraining,RegionF,RegionF,2376,2376,2381.9333333333334,0,5.0,58.0
49940,RealTimeInference,RegionB,RegionB,2376,2376,2377.55,0,5.0,6.0
1540,AITraining,RegionF,RegionF,2377,2377,2381.866666666667,0,5.0,98.0
4202,AITraining,RegionE,RegionE,2377,2377,2381.6666666666665,0,5.0,94.0
4316,RealTimeInference,RegionA,RegionA,2377,2377,2381.366666666667,0,5.0,5.0
6423,RealTimeInference,RegionA,RegionA,2377,2377,2381.383333333333,0,5.0,7.0
6481,RealTimeInference,RegionA,RegionA,2377,2377,2383.45,0,5.0,6.0
14780,AITraining,RegionD,RegionD,2377,2377,2381.483333333333,0,5.0,32.0
20392,AITraining,RegionF,RegionF,2377,2377,2382.5833333333335,0,5.0,110.0
20965,RealTimeInference,RegionA,RegionA,2377,2377,2379.633333333333,0,5.0,2.0
21384,AITraining,RegionC,RegionC,2377,2377,2380.633333333333,0,5.0,110.0
22636,RealTimeInference,RegionF,RegionF,2377,2377,2381.1666666666665,0,5.0,2.0
22926,BatchInference,RegionA,RegionA,2377,2377,2380.4666666666667,0,5.0,19.0
23479,AITraining,RegionD,RegionD,2377,2377,2379.1833333333334,0,5.0,113.0
25757,BatchInference,RegionE,RegionE,2377,2377,2382.366666666667,0,5.0,17.0
26783,BatchInference,RegionA,RegionA,2377,2377,2379.3,0,5.0,16.0
27509,AITraining,RegionF,RegionF,2377,2377,2383.516666666667,0,5.0,113.0
29589,RealTimeInference,RegionE,RegionE,2377,2377,2378.016666666667,0,5.0,5.0
29785,BatchInference,RegionE,RegionE,2377,2377,2382.5333333333333,0,5.0,17.0
31710,AITraining,RegionD,RegionD,2377,2377,2378.9,0,5.0,64.0
35013,BatchInference,RegionE,RegionE,2377,2377,2382.766666666667,0,5.0,9.0
36594,BatchInference,RegionE,RegionE,2377,2377,2378.516666666667,0,5.0,12.0
39791,BatchInference,RegionB,RegionB,2377,2377,2381.7833333333333,0,5.0,4.0
41348,AITraining,RegionE,RegionE,2377,2377,2382.75,0,5.0,71.0
41413,AITraining,RegionE,RegionE,2377,2377,2381.2,0,5.0,54.0
43690,AITraining,RegionE,RegionE,2377,2377,2380.133333333333,0,5.0,102.0
44279,RealTimeInference,RegionB,RegionB,2377,2377,2379.85,0,5.0,1.0
45743,RealTimeInference,RegionB,RegionB,2377,2377,2383.5333333333333,0,5.0,2.0
47993,RealTimeInference,RegionC,RegionC,2377,2377,2378.4666666666667,0,5.0,4.0
49049,RealTimeInference,RegionB,RegionB,2377,2377,2378.633333333333,0,5.0,3.0
235,RealTimeInference,RegionE,RegionE,2378,2378,2378.4666666666667,0,5.0,2.0
1055,AITraining,RegionF,RegionF,2378,2378,2383.65,0,5.0,113.0
2508,RealTimeInference,RegionB,RegionB,2378,2378,2382.65,0,5.0,1.0
3444,RealTimeInference,RegionA,RegionA,2378,2378,2379.7166666666667,0,5.0,7.0
6507,AITraining,RegionC,RegionC,2378,2378,2383.35,0,5.0,17.0
9591,AITraining,RegionD,RegionD,2378,2378,2381.1833333333334,0,5.0,27.0
16146,AITraining,RegionE,RegionE,2378,2378,2378.3,0,5.0,60.0
17864,AITraining,RegionD,RegionD,2378,2378,2379.7,0,5.0,120.0
18427,BatchInference,RegionB,RegionB,2378,2378,2382.45,0,5.0,18.0
19684,BatchInference,RegionF,RegionF,2378,2378,2380.016666666667,0,5.0,9.0
24568,RealTimeInference,RegionB,RegionB,2378,2378,2380.4166666666665,0,5.0,4.0
25839,RealTimeInference,RegionA,RegionA,2378,2378,2383.483333333333,0,5.0,1.0
27016,BatchInference,RegionD,RegionD,2378,2378,2379.1833333333334,0,5.0,23.0
29425,AITraining,RegionF,RegionF,2378,2378,2381.883333333333,0,5.0,98.0
33418,AITraining,RegionE,RegionE,2378,2378,2381.95,0,5.0,122.0
33839,BatchInference,RegionE,RegionE,2378,2378,2378.55,0,5.0,21.0
36260,AITraining,RegionF,RegionF,2378,2378,2381.483333333333,0,5.0,85.0
37236,BatchInference,RegionE,RegionE,2378,2378,2382.8,0,5.0,21.0
39262,AITraining,RegionE,RegionF,2378,2378,2378.4333333333334,0,18.0,103.0
45584,BatchInference,RegionC,RegionC,2378,2378,2380.6833333333334,0,5.0,21.0
46688,AITraining,RegionE,RegionE,2378,2378,2378.4666666666667,0,5.0,50.0
2763,BatchInference,RegionB,RegionB,2379,2379,2382.75,0,5.0,15.0
7973,AITraining,RegionE,RegionE,2379,2379,2380.116666666667,0,5.0,70.0
9845,AITraining,RegionF,RegionF,2379,2379,2379.9166666666665,0,5.0,102.0
10622,BatchInference,RegionC,RegionC,2379,2379,2384.5666666666666,0,5.0,23.0
11216,BatchInference,RegionA,RegionA,2379,2379,2384.116666666667,0,5.0,20.0
14405,BatchInference,RegionA,RegionA,2379,2379,2381.5833333333335,0,5.0,18.0
14419,AITraining,RegionD,RegionD,2379,2379,2385.4333333333334,0,5.0,104.0
23424,RealTimeInference,RegionA,RegionA,2379,2379,2385.616666666667,0,5.0,5.0
30238,RealTimeInference,RegionD,RegionD,2379,2379,2383.85,0,5.0,6.0
30708,RealTimeInference,RegionB,RegionB,2379,2379,2385.4,0,5.0,1.0
31331,BatchInference,RegionC,RegionC,2379,2379,2380.4166666666665,0,5.0,5.0
31539,AITraining,RegionD,RegionD,2379,2379,2380.2833333333333,0,5.0,103.0
31788,AITraining,RegionD,RegionD,2379,2379,2384.8166666666666,0,5.0,81.0
33741,BatchInference,RegionF,RegionF,2379,2379,2383.3,0,5.0,9.0
37078,BatchInference,RegionD,RegionD,2379,2379,2383.5833333333335,0,5.0,14.0
39010,AITraining,RegionD,RegionD,2379,2379,2379.3333333333335,0,5.0,86.0
6052,AITraining,RegionF,RegionF,2380,2380,2384.95,0,5.0,92.0
11383,BatchInference,RegionC,RegionC,2380,2380,2381.85,0,5.0,22.0
17466,BatchInference,RegionE,RegionE,2380,2380,2383.85,0,5.0,20.0
18713,AITraining,RegionF,RegionE,2380,2380,2381.0833333333335,0,18.0,38.0
20964,AITraining,RegionB,RegionB,2380,2380,2383.5,0,5.0,112.0
24714,RealTimeInference,RegionC,RegionC,2380,2380,2385.4166666666665,0,5.0,5.0
24774,BatchInference,RegionF,RegionF,2380,2380,2381.733333333333,0,5.0,16.0
26584,AITraining,RegionF,RegionE,2380,2380,2381.0666666666666,0,18.0,125.0
28667,RealTimeInference,RegionB,RegionB,2380,2380,2381.2,0,5.0,6.0
29758,RealTimeInference,RegionC,RegionC,2380,2380,2386.15,0,5.0,7.0
30207,AITraining,RegionD,RegionD,2380,2380,2381.55,0,5.0,33.0
36438,AITraining,RegionB,RegionB,2380,2380,2381.2166666666667,0,5.0,30.0
40898,AITraining,RegionA,RegionA,2380,2380,2382.866666666667,0,5.0,122.0
43380,AITraining,RegionD,RegionD,2380,2380,2381.2166666666667,0,5.0,50.0
43668,BatchInference,RegionB,RegionB,2380,2380,2382.8333333333335,0,5.0,19.0
45172,AITraining,RegionE,RegionE,2380,2380,2382.3333333333335,0,5.0,73.0
45404,AITraining,RegionF,RegionF,2380,2380,2382.25,0,5.0,74.0
46876,RealTimeInference,RegionB,RegionB,2380,2380,2382.85,0,5.0,3.0
47613,BatchInference,RegionD,RegionD,2380,2380,2385.3333333333335,0,5.0,22.0
9585,RealTimeInference,RegionB,RegionB,2381,2381,2383.0333333333333,0,5.0,7.0
12181,AITraining,RegionC,RegionC,2381,2381,2383.366666666667,0,5.0,68.0
13587,AITraining,RegionD,RegionD,2381,2381,2387.5333333333333,0,5.0,23.0
18720,AITraining,RegionF,RegionE,2381,2381,2381.866666666667,0,18.0,120.0
18905,BatchInference,RegionA,RegionA,2381,2381,2385.1833333333334,0,5.0,12.0
20139,AITraining,RegionD,RegionD,2381,2381,2384.4166666666665,0,5.0,71.0
22462,BatchInference,RegionC,RegionC,2381,2381,2383.3,0,5.0,23.0
22871,BatchInference,RegionE,RegionE,2381,2381,2384.8166666666666,0,5.0,7.0
28161,BatchInference,RegionB,RegionB,2381,2381,2385.2166666666667,0,5.0,4.0
31480,AITraining,RegionD,RegionD,2381,2381,2386.016666666667,0,5.0,84.0
34989,BatchInference,RegionA,RegionA,2381,2381,2384.366666666667,0,5.0,13.0
35202,RealTimeInference,RegionC,RegionC,2381,2381,2383.9333333333334,0,5.0,5.0
35450,BatchInference,RegionC,RegionC,2381,2381,2383.016666666667,0,5.0,14.0
35507,BatchInference,RegionA,RegionA,2381,2381,2382.8,0,5.0,18.0
38738,AITraining,RegionE,RegionE,2381,2381,2386.983333333333,0,5.0,85.0
39748,RealTimeInference,RegionC,RegionC,2381,2381,2384.35,0,5.0,1.0
41513,RealTimeInference,RegionC,RegionC,2381,2381,2383.383333333333,0,5.0,6.0
42499,AITraining,RegionB,RegionB,2381,2381,2387.1,0,5.0,71.0
43240,RealTimeInference,RegionA,RegionA,2381,2381,2387.5833333333335,0,5.0,7.0
46280,AITraining,RegionE,RegionE,2381,2381,2386.8,0,5.0,76.0
47509,AITraining,RegionF,RegionF,2381,2381,2383.633333333333,0,5.0,71.0
403,BatchInference,RegionD,RegionD,2382,2382,2384.116666666667,0,5.0,13.0
3948,RealTimeInference,RegionF,RegionF,2382,2382,2387.5,0,5.0,1.0
4590,RealTimeInference,RegionC,RegionC,2382,2382,2385.45,0,5.0,5.0
5845,AITraining,RegionD,RegionD,2382,2382,2383.516666666667,0,5.0,26.0
7542,RealTimeInference,RegionD,RegionD,2382,2382,2382.6833333333334,0,5.0,7.0
10704,AITraining,RegionF,RegionF,2382,2382,2383.0833333333335,0,5.0,110.0
11877,RealTimeInference,RegionC,RegionC,2382,2382,2383.383333333333,0,5.0,7.0
11993,BatchInference,RegionC,RegionC,2382,2382,2385.9333333333334,0,5.0,15.0
13505,RealTimeInference,RegionE,RegionE,2382,2382,2386.2833333333333,0,5.0,6.0
14772,BatchInference,RegionA,RegionA,2382,2382,2387.116666666667,0,5.0,12.0
15185,RealTimeInference,RegionA,RegionA,2382,2382,2382.883333333333,0,5.0,1.0
16116,BatchInference,RegionA,RegionA,2382,2382,2387.3333333333335,0,5.0,7.0
19440,BatchInference,RegionE,RegionE,2382,2382,2384.0666666666666,0,5.0,23.0
29651,RealTimeInference,RegionB,RegionB,2382,2382,2386.733333333333,0,5.0,7.0
31191,AITraining,RegionD,RegionD,2382,2382,2384.5833333333335,0,5.0,65.0
32894,AITraining,RegionF,RegionF,2382,2382,2383.5333333333333,0,5.0,70.0
36934,BatchInference,RegionD,RegionD,2382,2382,2384.866666666667,0,5.0,6.0
39924,BatchInference,RegionC,RegionC,2382,2382,2384.6,0,5.0,4.0
42642,RealTimeInference,RegionC,RegionC,2382,2382,2385.5,0,5.0,1.0
47419,AITraining,RegionC,RegionC,2382,2382,2384.25,0,5.0,67.0
49336,BatchInference,RegionB,RegionB,2382,2382,2387.4166666666665,0,5.0,8.0
1664,BatchInference,RegionE,RegionE,2383,2383,2385.1833333333334,0,5.0,14.0
4060,BatchInference,RegionA,RegionA,2383,2383,2385.8,0,5.0,8.0
11304,AITraining,RegionD,RegionD,2383,2383,2384.1666666666665,0,5.0,112.0
12755,AITraining,RegionE,RegionE,2383,2383,2386.05,0,5.0,51.0
12791,BatchInference,RegionA,RegionA,2383,2383,2383.866666666667,0,5.0,4.0
13331,RealTimeInference,RegionB,RegionB,2383,2383,2383.8166666666666,0,5.0,1.0
21103,RealTimeInference,RegionA,RegionA,2383,2383,2384.8,0,5.0,7.0
22175,AITraining,RegionE,RegionE,2383,2383,2389.516666666667,0,5.0,112.0
24641,BatchInference,RegionD,RegionD,2383,2383,2384.4,0,5.0,12.0
30900,AITraining,RegionF,RegionF,2383,2383,2385.1833333333334,0,5.0,36.0
34149,BatchInference,RegionA,RegionA,2383,2383,2384.6666666666665,0,5.0,13.0
34377,AITraining,RegionF,RegionF,2383,2383,2383.733333333333,0,5.0,46.0
34834,AITraining,RegionE,RegionE,2383,2383,2386.616666666667,0,5.0,123.0
35298,RealTimeInference,RegionA,RegionA,2383,2383,2387.3166666666666,0,5.0,6.0
37312,BatchInference,RegionB,RegionB,2383,2383,2389.55,0,5.0,17.0
37918,BatchInference,RegionD,RegionD,2383,2383,2385.366666666667,0,5.0,5.0
40802,BatchInference,RegionB,RegionB,2383,2383,2387.25,0,5.0,16.0
41298,RealTimeInference,RegionA,RegionA,2383,2383,2388.35,0,5.0,4.0
43047,RealTimeInference,RegionB,RegionB,2383,2383,2385.0333333333333,0,5.0,5.0
45061,RealTimeInference,RegionC,RegionC,2383,2383,2387.2,0,5.0,2.0
45771,AITraining,RegionF,RegionF,2383,2383,2387.616666666667,0,5.0,77.0
45879,RealTimeInference,RegionB,RegionB,2383,2383,2387.383333333333,0,5.0,3.0
10306,AITraining,RegionD,RegionD,2384,2384,2388.5333333333333,0,5.0,68.0
11360,RealTimeInference,RegionE,RegionE,2384,2384,2390.5666666666666,0,5.0,3.0
16950,RealTimeInference,RegionA,RegionA,2384,2384,2386.5333333333333,0,5.0,6.0
22890,RealTimeInference,RegionC,RegionC,2384,2384,2385.8,0,5.0,3.0
24748,RealTimeInference,RegionE,RegionE,2384,2384,2387.116666666667,0,5.0,1.0
26569,RealTimeInference,RegionB,RegionB,2384,2384,2385.1,0,5.0,5.0
26779,RealTimeInference,RegionB,RegionB,2384,2384,2385.75,0,5.0,2.0
27109,AITraining,RegionF,RegionF,2384,2384,2389.0,0,5.0,99.0
29402,BatchInference,RegionC,RegionC,2384,2384,2387.133333333333,0,5.0,17.0
32107,RealTimeInference,RegionC,RegionC,2384,2384,2387.0833333333335,0,5.0,3.0
33478,BatchInference,RegionE,RegionE,2384,2384,2386.6,0,5.0,6.0
34201,AITraining,RegionB,RegionB,2384,2384,2385.9333333333334,0,5.0,78.0
37688,BatchInference,RegionD,RegionD,2384,2384,2387.766666666667,0,5.0,6.0
44983,AITraining,RegionF,RegionF,2384,2384,2388.983333333333,0,5.0,80.0
46582,AITraining,RegionE,RegionE,2384,2384,2385.05,0,5.0,33.0
47997,RealTimeInference,RegionA,RegionA,2384,2384,2388.0666666666666,0,5.0,6.0
49968,AITraining,RegionE,RegionE,2384,2384,2387.866666666667,0,5.0,120.0
205,BatchInference,RegionB,RegionB,2385,2385,2389.9166666666665,0,5.0,6.0
1234,BatchInference,RegionB,RegionB,2385,2385,2390.5666666666666,0,5.0,9.0
4599,AITraining,RegionD,RegionD,2385,2385,2387.1666666666665,0,5.0,34.0
5277,AITraining,RegionE,RegionE,2385,2385,2386.4666666666667,0,5.0,64.0
9936,RealTimeInference,RegionC,RegionC,2385,2385,2386.516666666667,0,5.0,5.0
14669,RealTimeInference,RegionB,RegionB,2385,2385,2389.616666666667,0,5.0,6.0
18325,AITraining,RegionF,RegionF,2385,2385,2388.45,0,5.0,58.0
22705,AITraining,RegionE,RegionE,2385,2385,2387.25,0,5.0,80.0
23514,AITraining,RegionF,RegionF,2385,2385,2388.85,0,5.0,76.0
23890,RealTimeInference,RegionA,RegionA,2385,2385,2389.7833333333333,0,5.0,5.0
25467,RealTimeInference,RegionB,RegionB,2385,2385,2387.866666666667,0,5.0,6.0
26590,AITraining,RegionF,RegionF,2385,2385,2389.9166666666665,0,5.0,27.0
28123,AITraining,RegionD,RegionD,2385,2385,2388.116666666667,0,5.0,30.0
28388,AITraining,RegionF,RegionF,2385,2385,2389.8,0,5.0,85.0
31955,BatchInference,RegionD,RegionD,2385,2385,2387.7833333333333,0,5.0,16.0
34369,BatchInference,RegionD,RegionD,2385,2385,2389.9666666666667,0,5.0,18.0
35571,AITraining,RegionF,RegionF,2385,2385,2387.1,0,5.0,111.0
36634,RealTimeInference,RegionF,RegionF,2385,2385,2390.0833333333335,0,5.0,7.0
41891,BatchInference,RegionC,RegionC,2385,2385,2387.65,0,5.0,15.0
43153,AITraining,RegionF,RegionF,2385,2385,2386.3166666666666,0,5.0,36.0
45742,BatchInference,RegionC,RegionC,2385,2385,2391.366666666667,0,5.0,20.0
46875,BatchInference,RegionB,RegionB,2385,2385,2391.1666666666665,0,5.0,18.0
2055,AITraining,RegionD,RegionD,2386,2386,2388.6666666666665,0,5.0,116.0
3455,RealTimeInference,RegionC,RegionC,2386,2386,2388.866666666667,0,5.0,1.0
8353,RealTimeInference,RegionB,RegionB,2386,2386,2387.25,0,5.0,5.0
10275,AITraining,RegionE,RegionE,2386,2386,2388.0833333333335,0,5.0,38.0
11834,BatchInference,RegionB,RegionB,2386,2386,2391.866666666667,0,5.0,19.0
14622,BatchInference,RegionB,RegionB,2386,2386,2389.6666666666665,0,5.0,23.0
15694,AITraining,RegionE,RegionE,2386,2386,2388.866666666667,0,5.0,63.0
18869,BatchInference,RegionD,RegionD,2386,2386,2390.4333333333334,0,5.0,7.0
19264,RealTimeInference,RegionD,RegionD,2386,2386,2389.3333333333335,0,5.0,4.0
19693,RealTimeInference,RegionA,RegionA,2386,2386,2387.2,0,5.0,4.0
20632,BatchInference,RegionC,RegionC,2386,2386,2389.0666666666666,0,5.0,14.0
22852,AITraining,RegionF,RegionF,2386,2386,2391.75,0,5.0,62.0
22937,AITraining,RegionF,RegionE,2386,2386,2388.2833333333333,0,18.0,52.0
23667,BatchInference,RegionA,RegionA,2386,2386,2391.2166666666667,0,5.0,15.0
24949,BatchInference,RegionD,RegionD,2386,2386,2387.016666666667,0,5.0,16.0
26788,BatchInference,RegionF,RegionF,2386,2386,2391.2833333333333,0,5.0,12.0
29239,RealTimeInference,RegionB,RegionB,2386,2386,2390.016666666667,0,5.0,2.0
32465,RealTimeInference,RegionB,RegionB,2386,2386,2388.4,0,5.0,6.0
33605,BatchInference,RegionB,RegionB,2386,2386,2387.5666666666666,0,5.0,9.0
33785,BatchInference,RegionD,RegionD,2386,2386,2387.866666666667,0,5.0,20.0
39597,BatchInference,RegionD,RegionD,2386,2386,2391.5833333333335,0,5.0,17.0
40554,RealTimeInference,RegionB,RegionB,2386,2386,2392.2,0,5.0,5.0
40594,RealTimeInference,RegionC,RegionC,2386,2386,2392.0833333333335,0,5.0,2.0
43953,BatchInference,RegionE,RegionE,2386,2386,2388.7,0,5.0,17.0
46192,AITraining,RegionB,RegionB,2386,2386,2389.3,0,5.0,113.0
48007,RealTimeInference,RegionC,RegionC,2386,2386,2390.266666666667,0,5.0,2.0
48396,RealTimeInference,RegionA,RegionA,2386,2386,2388.6833333333334,0,5.0,2.0
2374,BatchInference,RegionA,RegionA,2387,2387,2387.65,0,5.0,7.0
3113,BatchInference,RegionD,RegionD,2387,2387,2393.233333333333,0,5.0,15.0
9168,RealTimeInference,RegionC,RegionC,2387,2387,2389.35,0,5.0,3.0
9535,AITraining,RegionE,RegionE,2387,2387,2392.633333333333,0,5.0,58.0
9850,BatchInference,RegionE,RegionE,2387,2387,2392.733333333333,0,5.0,13.0
12025,RealTimeInference,RegionA,RegionA,2387,2387,2387.65,0,5.0,2.0
17181,AITraining,RegionD,RegionD,2387,2387,2388.7,0,5.0,82.0
19584,AITraining,RegionE,RegionE,2387,2387,2392.8166666666666,0,5.0,43.0
21428,RealTimeInference,RegionC,RegionC,2387,2387,2389.366666666667,0,5.0,5.0
23146,RealTimeInference,RegionC,RegionC,2387,2387,2392.55,0,5.0,3.0
23708,RealTimeInference,RegionB,RegionB,2387,2387,2388.6666666666665,0,5.0,7.0
25000,RealTimeInference,RegionB,RegionB,2387,2387,2388.65,0,5.0,6.0
27713,AITraining,RegionF,RegionE,2387,2387,2388.5333333333333,0,18.0,87.0
28165,BatchInference,RegionE,RegionE,2387,2387,2387.4166666666665,0,5.0,13.0
28952,RealTimeInference,RegionC,RegionC,2387,2387,2389.05,0,5.0,7.0
29306,BatchInference,RegionE,RegionE,2387,2387,2387.6,0,5.0,20.0
29773,RealTimeInference,RegionA,RegionA,2387,2387,2388.7833333333333,0,5.0,6.0
30583,AITraining,RegionE,RegionE,2387,2387,2390.9,0,5.0,121.0
31709,AITraining,RegionD,RegionD,2387,2387,2389.4666666666667,0,5.0,44.0
31953,BatchInference,RegionB,RegionB,2387,2387,2392.15,0,5.0,19.0
32656,AITraining,RegionE,RegionE,2387,2387,2392.633333333333,0,5.0,76.0
32719,RealTimeInference,RegionA,RegionA,2387,2387,2388.8166666666666,0,5.0,3.0
33356,BatchInference,RegionB,RegionB,2387,2387,2390.366666666667,0,5.0,14.0
33589,BatchInference,RegionE,RegionE,2387,2387,2391.7833333333333,0,5.0,22.0
35544,RealTimeInference,RegionC,RegionC,2387,2387,2390.4333333333334,0,5.0,7.0
36369,AITraining,RegionE,RegionE,2387,2387,2388.633333333333,0,5.0,70.0
36680,AITraining,RegionF,RegionF,2387,2387,2392.983333333333,0,5.0,118.0
36735,RealTimeInference,RegionB,RegionB,2387,2387,2391.5666666666666,0,5.0,2.0
38944,AITraining,RegionC,RegionC,2387,2387,2390.1,0,5.0,91.0
40446,BatchInference,RegionA,RegionA,2387,2387,2387.5333333333333,0,5.0,9.0
41737,AITraining,RegionF,RegionF,2387,2387,2393.0666666666666,0,5.0,21.0
583,BatchInference,RegionA,RegionA,2388,2388,2391.9166666666665,0,5.0,12.0
1264,AITraining,RegionF,RegionF,2388,2388,2392.7,0,5.0,113.0
6323,BatchInference,RegionA,RegionA,2388,2388,2390.366666666667,0,5.0,5.0
16274,BatchInference,RegionA,RegionA,2388,2388,2394.05,0,5.0,21.0
17991,AITraining,RegionF,RegionF,2388,2388,2390.266666666667,0,5.0,26.0
18061,BatchInference,RegionC,RegionC,2388,2388,2393.0666666666666,0,5.0,9.0
20403,BatchInference,RegionD,RegionD,2388,2388,2391.983333333333,0,5.0,14.0
21356,AITraining,RegionF,RegionF,2388,2388,2393.133333333333,0,5.0,125.0
21837,AITraining,RegionD,RegionD,2388,2388,2392.266666666667,0,5.0,59.0
27293,AITraining,RegionF,RegionF,2388,2388,2393.3333333333335,0,5.0,50.0
27636,RealTimeInference,RegionA,RegionA,2388,2388,2392.233333333333,0,5.0,7.0
28692,RealTimeInference,RegionA,RegionA,2388,2388,2392.3,0,5.0,3.0
32420,BatchInference,RegionD,RegionD,2388,2388,2393.7166666666667,0,5.0,19.0
35545,AITraining,RegionF,RegionE,2388,2388,2389.383333333333,0,18.0,31.0
36175,RealTimeInference,RegionA,RegionA,2388,2388,2389.4,0,5.0,5.0
36729,BatchInference,RegionC,RegionC,2388,2388,2394.4166666666665,0,5.0,9.0
40539,BatchInference,RegionB,RegionB,2388,2388,2390.2,0,5.0,10.0
42007,BatchInference,RegionA,RegionA,2388,2388,2390.733333333333,0,5.0,21.0
42663,BatchInference,RegionA,RegionA,2388,2388,2394.233333333333,0,5.0,7.0
43032,RealTimeInference,RegionB,RegionB,2388,2388,2390.2833333333333,0,5.0,1.0
43266,AITraining,RegionA,RegionA,2388,2388,2388.983333333333,0,5.0,103.0
43463,BatchInference,RegionA,RegionA,2388,2388,2389.3333333333335,0,5.0,10.0
45156,BatchInference,RegionA,RegionA,2388,2388,2393.0333333333333,0,5.0,9.0
1096,RealTimeInference,RegionA,RegionA,2389,2389,2393.8333333333335,0,5.0,1.0
5727,AITraining,RegionD,RegionD,2389,2389,2391.3166666666666,0,5.0,82.0
6232,RealTimeInference,RegionA,RegionA,2389,2389,2395.0,0,5.0,5.0
10407,RealTimeInference,RegionC,RegionC,2389,2389,2391.366666666667,0,5.0,7.0
13747,AITraining,RegionF,RegionF,2389,2389,2395.6,0,5.0,41.0
14749,AITraining,RegionE,RegionE,2389,2389,2392.15,0,5.0,97.0
16109,BatchInference,RegionF,RegionF,2389,2389,2391.9166666666665,0,5.0,7.0
17044,BatchInference,RegionC,RegionC,2389,2389,2389.6,0,5.0,6.0
23936,AITraining,RegionD,RegionD,2389,2389,2392.8333333333335,0,5.0,127.0
32162,RealTimeInference,RegionA,RegionA,2389,2389,2390.9166666666665,0,5.0,2.0
33779,AITraining,RegionE,RegionE,2389,2389,2394.1,0,5.0,31.0
34647,AITraining,RegionB,RegionB,2389,2389,2391.3,0,5.0,59.0
36902,BatchInference,RegionE,RegionE,2389,2389,2394.516666666667,0,5.0,22.0
39318,BatchInference,RegionA,RegionA,2389,2389,2391.75,0,5.0,21.0
45583,BatchInference,RegionB,RegionB,2389,2389,2394.5333333333333,0,5.0,13.0
47013,AITraining,RegionD,RegionD,2389,2389,2389.1666666666665,0,5.0,67.0
48004,RealTimeInference,RegionA,RegionA,2389,2389,2389.8333333333335,0,5.0,6.0
57,BatchInference,RegionE,RegionE,2390,2390,2393.0,0,5.0,16.0
165,BatchInference,RegionB,RegionB,2390,2390,2391.75,0,5.0,18.0
1136,BatchInference,RegionB,RegionB,2390,2390,2393.0333333333333,0,5.0,12.0
2167,AITraining,RegionD,RegionD,2390,2390,2394.15,0,5.0,57.0
3782,AITraining,RegionE,RegionE,2390,2390,2395.766666666667,0,5.0,89.0
4354,RealTimeInference,RegionC,RegionC,2390,2390,2395.95,0,5.0,4.0
4851,BatchInference,RegionD,RegionD,2390,2390,2393.8333333333335,0,5.0,8.0
8760,AITraining,RegionE,RegionE,2390,2390,2394.5833333333335,0,5.0,44.0
10184,BatchInference,RegionD,RegionD,2390,2390,2392.7833333333333,0,5.0,15.0
15675,AITraining,RegionF,RegionF,2390,2390,2392.983333333333,0,5.0,87.0
16513,AITraining,RegionE,RegionE,2390,2390,2395.8333333333335,0,5.0,107.0
17233,AITraining,RegionD,RegionD,2390,2390,2393.8,0,5.0,122.0
19682,BatchInference,RegionD,RegionD,2390,2390,2395.233333333333,0,5.0,11.0
21242,RealTimeInference,RegionB,RegionB,2390,2390,2391.1,0,5.0,1.0
24572,BatchInference,RegionA,RegionA,2390,2390,2395.05,0,5.0,9.0
25795,AITraining,RegionE,RegionE,2390,2390,2391.7166666666667,0,5.0,46.0
26136,AITraining,RegionE,RegionE,2390,2390,2390.866666666667,0,5.0,120.0
29364,AITraining,RegionE,RegionF,2390,2390,2391.2833333333333,0,18.0,111.0
30199,BatchInference,RegionF,RegionF,2390,2390,2396.233333333333,0,5.0,15.0
34531,RealTimeInference,RegionB,RegionB,2390,2390,2395.766666666667,0,5.0,7.0
37033,RealTimeInference,RegionC,RegionC,2390,2390,2394.883333333333,0,5.0,3.0
39397,BatchInference,RegionA,RegionA,2390,2390,2396.4666666666667,0,5.0,7.0
46424,AITraining,RegionD,RegionD,2390,2390,2396.0666666666666,0,5.0,120.0
47967,BatchInference,RegionD,RegionD,2390,2390,2393.1833333333334,0,5.0,20.0
4113,BatchInference,RegionA,RegionA,2391,2391,2395.2,0,5.0,15.0
4930,AITraining,RegionE,RegionE,2391,2391,2396.866666666667,0,5.0,50.0
4943,RealTimeInference,RegionC,RegionC,2391,2391,2394.0,0,5.0,4.0
6876,AITraining,RegionD,RegionD,2391,2391,2397.5,0,5.0,52.0
12397,AITraining,RegionA,RegionA,2391,2391,2391.616666666667,0,5.0,101.0
13836,AITraining,RegionD,RegionD,2391,2391,2397.4,0,5.0,40.0
14305,RealTimeInference,RegionD,RegionD,2391,2391,2395.6666666666665,0,5.0,2.0
17898,AITraining,RegionE,RegionF,2391,2391,2393.65,0,18.0,78.0
18367,BatchInference,RegionA,RegionA,2391,2391,2396.766666666667,0,5.0,19.0
18687,RealTimeInference,RegionE,RegionE,2391,2391,2392.45,0,5.0,5.0
18847,BatchInference,RegionB,RegionB,2391,2391,2395.516666666667,0,5.0,8.0
22706,RealTimeInference,RegionC,RegionC,2391,2391,2391.75,0,5.0,2.0
25215,RealTimeInference,RegionA,RegionA,2391,2391,2394.4333333333334,0,5.0,5.0
25763,AITraining,RegionE,RegionE,2391,2391,2395.8333333333335,0,5.0,114.0
27637,AITraining,RegionD,RegionD,2391,2391,2391.516666666667,0,5.0,50.0
30452,AITraining,RegionE,RegionE,2391,2391,2394.3,0,5.0,55.0
31011,AITraining,RegionF,RegionF,2391,2391,2393.016666666667,0,5.0,58.0
31688,BatchInference,RegionF,RegionF,2391,2391,2392.9666666666667,0,5.0,21.0
33573,BatchInference,RegionB,RegionB,2391,2391,2392.4166666666665,0,5.0,21.0
35181,RealTimeInference,RegionB,RegionB,2391,2391,2395.2,0,5.0,4.0
35783,RealTimeInference,RegionA,RegionA,2391,2391,2395.616666666667,0,5.0,3.0
38937,AITraining,RegionB,RegionB,2391,2391,2396.266666666667,0,5.0,31.0
39380,RealTimeInference,RegionB,RegionB,2391,2391,2391.733333333333,0,5.0,3.0
41410,AITraining,RegionB,RegionB,2391,2391,2397.5666666666666,0,5.0,23.0
45363,RealTimeInference,RegionC,RegionC,2391,2391,2396.0833333333335,0,5.0,2.0
45731,BatchInference,RegionE,RegionE,2391,2391,2395.2,0,5.0,14.0
49684,RealTimeInference,RegionB,RegionB,2391,2391,2392.75,0,5.0,1.0
315,BatchInference,RegionA,RegionA,2392,2392,2393.45,0,5.0,17.0
1371,AITraining,RegionC,RegionC,2392,2392,2397.5833333333335,0,5.0,18.0
2412,RealTimeInference,RegionC,RegionC,2392,2392,2396.266666666667,0,5.0,2.0
2517,AITraining,RegionF,RegionF,2392,2392,2394.733333333333,0,5.0,30.0
3566,BatchInference,RegionE,RegionE,2392,2392,2392.9,0,5.0,9.0
6235,RealTimeInference,RegionB,RegionB,2392,2392,2393.733333333333,0,5.0,1.0
8915,AITraining,RegionD,RegionD,2392,2392,2392.8166666666666,0,5.0,97.0
16024,RealTimeInference,RegionF,RegionF,2392,2392,2395.35,0,5.0,1.0
17673,AITraining,RegionD,RegionD,2392,2392,2398.616666666667,0,5.0,124.0
18826,BatchInference,RegionA,RegionA,2392,2392,2396.5333333333333,0,5.0,17.0
19387,AITraining,RegionE,RegionE,2392,2392,2395.766666666667,0,5.0,104.0
21792,RealTimeInference,RegionA,RegionA,2392,2392,2397.266666666667,0,5.0,4.0
23364,RealTimeInference,RegionE,RegionE,2392,2392,2393.9166666666665,0,5.0,5.0
25631,BatchInference,RegionD,RegionD,2392,2392,2396.7166666666667,0,5.0,18.0
27301,BatchInference,RegionA,RegionA,2392,2392,2395.2,0,5.0,5.0
28488,BatchInference,RegionA,RegionA,2392,2392,2392.65,0,5.0,14.0
28923,BatchInference,RegionC,RegionC,2392,2392,2393.85,0,5.0,14.0
32917,RealTimeInference,RegionA,RegionA,2392,2392,2394.883333333333,0,5.0,2.0
37668,BatchInference,RegionD,RegionD,2392,2392,2396.116666666667,0,5.0,11.0
38208,AITraining,RegionF,RegionD,2392,2392,2393.766666666667,0,25.0,122.0
44811,RealTimeInference,RegionB,RegionB,2392,2392,2397.5666666666666,0,5.0,2.0
47090,AITraining,RegionF,RegionF,2392,2392,2397.2166666666667,0,5.0,98.0
47787,BatchInference,RegionB,RegionB,2392,2392,2395.2166666666667,0,5.0,8.0
4611,BatchInference,RegionA,RegionA,2393,2393,2395.05,0,5.0,15.0
5663,RealTimeInference,RegionB,RegionB,2393,2393,2397.25,0,5.0,6.0
7484,RealTimeInference,RegionA,RegionA,2393,2393,2396.95,0,5.0,3.0
12184,BatchInference,RegionD,RegionD,2393,2393,2393.25,0,5.0,5.0
16345,BatchInference,RegionF,RegionF,2393,2393,2396.233333333333,0,5.0,9.0
16699,AITraining,RegionF,RegionF,2393,2393,2394.7,0,5.0,127.0
21897,RealTimeInference,RegionA,RegionA,2393,2393,2394.5333333333333,0,5.0,3.0
23544,RealTimeInference,RegionB,RegionB,2393,2393,2395.25,0,5.0,1.0
24477,BatchInference,RegionD,RegionD,2393,2393,2394.133333333333,0,5.0,16.0
27485,RealTimeInference,RegionA,RegionA,2393,2393,2395.4333333333334,0,5.0,5.0
28664,AITraining,RegionF,RegionF,2393,2393,2399.25,0,5.0,96.0
31748,RealTimeInference,RegionA,RegionA,2393,2393,2398.5333333333333,0,5.0,4.0
38021,RealTimeInference,RegionB,RegionB,2393,2393,2396.5333333333333,0,5.0,6.0
41990,AITraining,RegionD,RegionD,2393,2393,2393.4166666666665,0,5.0,22.0
43531,BatchInference,RegionC,RegionC,2393,2393,2395.4666666666667,0,5.0,18.0
44602,RealTimeInference,RegionC,RegionC,2393,2393,2398.6666666666665,0,5.0,4.0
45529,RealTimeInference,RegionA,RegionA,2393,2393,2399.1,0,5.0,4.0
48651,BatchInference,RegionF,RegionF,2393,2393,2394.233333333333,0,5.0,14.0
56,AITraining,RegionE,RegionE,2394,2394,2398.0,0,5.0,19.0
1843,RealTimeInference,RegionA,RegionA,2394,2394,2394.8166666666666,0,5.0,1.0
4848,BatchInference,RegionB,RegionB,2394,2394,2397.6,0,5.0,17.0
6438,AITraining,RegionE,RegionE,2394,2394,2398.95,0,5.0,98.0
6508,BatchInference,RegionB,RegionB,2394,2394,2398.983333333333,0,5.0,23.0
11351,BatchInference,RegionD,RegionD,2394,2394,2398.35,0,5.0,16.0
12444,RealTimeInference,RegionA,RegionA,2394,2394,2398.483333333333,0,5.0,1.0
13174,RealTimeInference,RegionB,RegionB,2394,2394,2394.1666666666665,0,5.0,6.0
13376,AITraining,RegionD,RegionD,2394,2394,2396.383333333333,0,5.0,53.0
14327,BatchInference,RegionB,RegionB,2394,2394,2399.55,0,5.0,21.0
14619,AITraining,RegionF,RegionF,2394,2394,2400.616666666667,0,5.0,117.0
15921,AITraining,RegionD,RegionD,2394,2394,2397.9166666666665,0,5.0,127.0
16041,RealTimeInference,RegionB,RegionB,2394,2394,2394.9166666666665,0,5.0,5.0
21451,AITraining,RegionD,RegionD,2394,2394,2398.2166666666667,0,5.0,34.0
23381,BatchInference,RegionD,RegionD,2394,2394,2398.0,0,5.0,15.0
31076,AITraining,RegionE,RegionE,2394,2394,2400.366666666667,0,5.0,67.0
34439,RealTimeInference,RegionA,RegionA,2394,2394,2399.0666666666666,0,5.0,2.0
36863,AITraining,RegionF,RegionF,2394,2394,2394.516666666667,0,5.0,101.0
37834,BatchInference,RegionF,RegionF,2394,2394,2400.65,0,5.0,17.0
39468,BatchInference,RegionA,RegionA,2394,2394,2395.116666666667,0,5.0,16.0
39669,AITraining,RegionE,RegionE,2394,2394,2398.5333333333333,0,5.0,77.0
40831,BatchInference,RegionE,RegionE,2394,2394,2399.9166666666665,0,5.0,17.0
41146,AITraining,RegionF,RegionF,2394,2394,2395.7166666666667,0,5.0,57.0
42018,AITraining,RegionF,RegionF,2394,2394,2397.5666666666666,0,5.0,64.0
42258,RealTimeInference,RegionB,RegionB,2394,2394,2396.733333333333,0,5.0,6.0
45887,BatchInference,RegionD,RegionD,2394,2394,2399.4333333333334,0,5.0,10.0
5435,AITraining,RegionE,RegionE,2395,2395,2397.95,0,5.0,116.0
6767,AITraining,RegionF,RegionF,2395,2395,2395.7,0,5.0,29.0
7372,AITraining,RegionF,RegionF,2395,2395,2399.1,0,5.0,104.0
8294,BatchInference,RegionC,RegionC,2395,2395,2396.0333333333333,0,5.0,8.0
12481,RealTimeInference,RegionC,RegionC,2395,2395,2397.9166666666665,0,5.0,5.0
13251,RealTimeInference,RegionA,RegionA,2395,2395,2395.7833333333333,0,5.0,6.0
16494,BatchInference,RegionD,RegionD,2395,2395,2397.6833333333334,0,5.0,22.0
22576,AITraining,RegionF,RegionF,2395,2395,2398.0833333333335,0,5.0,16.0
24073,AITraining,RegionB,RegionB,2395,2395,2396.5333333333333,0,5.0,110.0
32241,AITraining,RegionD,RegionD,2395,2395,2395.233333333333,0,5.0,112.0
39773,AITraining,RegionE,RegionF,2395,2395,2395.5666666666666,0,18.0,33.0
40599,RealTimeInference,RegionB,RegionB,2395,2395,2395.8333333333335,0,5.0,4.0
41247,RealTimeInference,RegionA,RegionA,2395,2395,2397.0666666666666,0,5.0,3.0
42958,BatchInference,RegionA,RegionA,2395,2395,2401.016666666667,0,5.0,19.0
45986,BatchInference,RegionD,RegionD,2395,2395,2399.1833333333334,0,5.0,20.0
46011,AITraining,RegionE,RegionE,2395,2395,2396.9666666666667,0,5.0,66.0
47260,RealTimeInference,RegionD,RegionD,2395,2395,2398.483333333333,0,5.0,3.0
49617,RealTimeInference,RegionA,RegionA,2395,2395,2399.266666666667,0,5.0,3.0
49640,AITraining,RegionE,RegionE,2395,2395,2399.05,0,5.0,54.0
3736,BatchInference,RegionD,RegionD,2396,2396,2402.6,0,5.0,19.0
5138,RealTimeInference,RegionB,RegionB,2396,2396,2401.266666666667,0,5.0,1.0
7874,BatchInference,RegionC,RegionC,2396,2396,2396.45,0,5.0,21.0
10284,BatchInference,RegionF,RegionF,2396,2396,2398.2833333333333,0,5.0,14.0
10504,BatchInference,RegionC,RegionC,2396,2396,2397.15,0,5.0,4.0
12431,BatchInference,RegionB,RegionB,2396,2396,2399.2833333333333,0,5.0,17.0
14578,AITraining,RegionE,RegionE,2396,2396,2402.25,0,5.0,31.0
14844,AITraining,RegionB,RegionB,2396,2396,2400.15,0,5.0,51.0
14868,AITraining,RegionF,RegionF,2396,2396,2402.45,0,5.0,22.0
15175,RealTimeInference,RegionB,RegionB,2396,2396,2398.9166666666665,0,5.0,6.0
18394,RealTimeInference,RegionA,RegionA,2396,2396,2401.4333333333334,0,5.0,3.0
20312,BatchInference,RegionD,RegionD,2396,2396,2400.133333333333,0,5.0,16.0
23682,RealTimeInference,RegionB,RegionB,2396,2396,2400.616666666667,0,5.0,7.0
24995,BatchInference,RegionD,RegionD,2396,2396,2397.05,0,5.0,10.0
26836,RealTimeInference,RegionA,RegionA,2396,2396,2400.5333333333333,0,5.0,7.0
27964,AITraining,RegionD,RegionD,2396,2396,2402.4166666666665,0,5.0,25.0
28656,RealTimeInference,RegionC,RegionC,2396,2396,2397.3333333333335,0,5.0,4.0
28753,AITraining,RegionE,RegionE,2396,2396,2397.75,0,5.0,74.0
30715,BatchInference,RegionD,RegionD,2396,2396,2401.3166666666666,0,5.0,14.0
36157,AITraining,RegionD,RegionD,2396,2396,2396.7833333333333,0,5.0,86.0
37857,AITraining,RegionD,RegionD,2396,2396,2397.9166666666665,0,5.0,42.0
38774,RealTimeInference,RegionA,RegionA,2396,2396,2396.55,0,5.0,4.0
38786,AITraining,RegionA,RegionA,2396,2396,2402.633333333333,0,5.0,95.0
40341,RealTimeInference,RegionA,RegionA,2396,2396,2402.4333333333334,0,5.0,2.0
40505,BatchInference,RegionA,RegionA,2396,2396,2402.3333333333335,0,5.0,6.0
43993,BatchInference,RegionE,RegionE,2396,2396,2399.6666666666665,0,5.0,16.0
46184,AITraining,RegionF,RegionF,2396,2396,2402.5,0,5.0,99.0
48837,AITraining,RegionD,RegionD,2396,2396,2399.85,0,5.0,23.0
49227,RealTimeInference,RegionC,RegionC,2396,2396,2401.25,0,5.0,3.0
701,BatchInference,RegionF,RegionF,2397,2397,2398.75,0,5.0,21.0
2648,BatchInference,RegionE,RegionE,2397,2397,2400.1833333333334,0,5.0,19.0
3928,BatchInference,RegionF,RegionF,2397,2397,2400.0333333333333,0,5.0,4.0
6392,BatchInference,RegionD,RegionD,2397,2397,2401.7833333333333,0,5.0,5.0
7165,RealTimeInference,RegionB,RegionB,2397,2397,2401.633333333333,0,5.0,5.0
15916,AITraining,RegionE,RegionE,2397,2397,2400.383333333333,0,5.0,81.0
20799,BatchInference,RegionF,RegionF,2397,2397,2400.4,0,5.0,14.0
21730,AITraining,RegionF,RegionF,2397,2397,2401.8166666666666,0,5.0,49.0
24255,BatchInference,RegionE,RegionE,2397,2397,2399.1,0,5.0,20.0
27547,BatchInference,RegionD,RegionD,2397,2397,2397.9666666666667,0,5.0,17.0
29787,BatchInference,RegionA,RegionA,2397,2397,2401.1666666666665,0,5.0,7.0
34117,BatchInference,RegionB,RegionB,2397,2397,2397.6666666666665,0,5.0,19.0
37081,BatchInference,RegionA,RegionA,2397,2397,2401.45,0,5.0,17.0
38408,AITraining,RegionD,RegionD,2397,2397,2399.2833333333333,0,5.0,37.0
39629,BatchInference,RegionD,RegionD,2397,2397,2397.3166666666666,0,5.0,5.0
42220,RealTimeInference,RegionB,RegionB,2397,2397,2397.266666666667,0,5.0,2.0
46028,BatchInference,RegionA,RegionA,2397,2397,2398.116666666667,0,5.0,22.0
46818,BatchInference,RegionC,RegionC,2397,2397,2399.8333333333335,0,5.0,16.0
47435,AITraining,RegionE,RegionE,2397,2397,2403.516666666667,0,5.0,28.0
49550,AITraining,RegionA,RegionA,2397,2397,2399.0,0,5.0,120.0
49575,AITraining,RegionF,RegionF,2397,2397,2400.2166666666667,0,5.0,27.0
49609,AITraining,RegionA,RegionA,2397,2397,2398.1666666666665,0,5.0,38.0
2473,AITraining,RegionC,RegionC,2398,2398,2403.8333333333335,0,5.0,16.0
4353,AITraining,RegionE,RegionE,2398,2398,2401.7,0,5.0,21.0
4418,BatchInference,RegionD,RegionD,2398,2398,2402.233333333333,0,5.0,11.0
4886,RealTimeInference,RegionF,RegionF,2398,2398,2401.3333333333335,0,5.0,3.0
5272,RealTimeInference,RegionC,RegionC,2398,2398,2402.35,0,5.0,4.0
7530,RealTimeInference,RegionA,RegionA,2398,2398,2399.1666666666665,0,5.0,5.0
8745,BatchInference,RegionB,RegionB,2398,2398,2400.1,0,5.0,21.0
8972,RealTimeInference,RegionD,RegionD,2398,2398,2402.1,0,5.0,2.0
9572,AITraining,RegionD,RegionD,2398,2398,2404.0666666666666,0,5.0,123.0
11780,BatchInference,RegionF,RegionF,2398,2398,2398.5833333333335,0,5.0,21.0
13381,RealTimeInference,RegionA,RegionA,2398,2398,2400.0833333333335,0,5.0,6.0
17052,RealTimeInference,RegionC,RegionC,2398,2398,2398.55,0,5.0,2.0
17421,BatchInference,RegionF,RegionF,2398,2398,2400.35,0,5.0,15.0
17938,BatchInference,RegionE,RegionE,2398,2398,2402.266666666667,0,5.0,23.0
19172,RealTimeInference,RegionC,RegionC,2398,2398,2401.3166666666666,0,5.0,6.0
19289,AITraining,RegionE,RegionE,2398,2398,2404.016666666667,0,5.0,121.0
22136,BatchInference,RegionE,RegionE,2398,2398,2399.3166666666666,0,5.0,7.0
22360,RealTimeInference,RegionD,RegionD,2398,2398,2398.1833333333334,0,5.0,6.0
23421,AITraining,RegionE,RegionE,2398,2398,2402.4,0,5.0,19.0
30449,AITraining,RegionB,RegionB,2398,2398,2398.266666666667,0,5.0,44.0
30610,RealTimeInference,RegionB,RegionB,2398,2398,2400.6833333333334,0,5.0,7.0
33770,AITraining,RegionD,RegionD,2398,2398,2400.3333333333335,0,5.0,88.0
37758,AITraining,RegionD,RegionD,2398,2398,2402.7833333333333,0,5.0,25.0
40375,RealTimeInference,RegionA,RegionA,2398,2398,2399.3333333333335,0,5.0,4.0
43423,AITraining,RegionF,RegionF,2398,2398,2403.5,0,5.0,122.0
46823,AITraining,RegionD,RegionD,2398,2398,2400.983333333333,0,5.0,109.0
48528,AITraining,RegionD,RegionD,2398,2398,2399.516666666667,0,5.0,36.0
1455,AITraining,RegionF,RegionF,2399,2399,2401.733333333333,0,5.0,37.0
7857,AITraining,RegionF,RegionF,2399,2399,2400.2833333333333,0,5.0,115.0
7890,RealTimeInference,RegionE,RegionE,2399,2399,2403.4166666666665,0,5.0,4.0
9621,RealTimeInference,RegionC,RegionC,2399,2399,2400.3333333333335,0,5.0,6.0
15242,BatchInference,RegionE,RegionE,2399,2399,2403.05,0,5.0,7.0
16844,RealTimeInference,RegionF,RegionF,2399,2399,2399.85,0,5.0,1.0
21400,RealTimeInference,RegionB,RegionB,2399,2399,2400.6833333333334,0,5.0,1.0
37062,BatchInference,RegionB,RegionB,2399,2399,2401.4666666666667,0,5.0,12.0
38165,BatchInference,RegionB,RegionB,2399,2399,2403.75,0,5.0,10.0
38894,AITraining,RegionE,RegionE,2399,2399,2405.15,0,5.0,115.0
39788,RealTimeInference,RegionC,RegionC,2399,2399,2403.383333333333,0,5.0,7.0
40966,BatchInference,RegionB,RegionB,2399,2399,2404.0833333333335,0,5.0,20.0
41451,RealTimeInference,RegionA,RegionA,2399,2399,2405.6,0,5.0,4.0
42578,AITraining,RegionC,RegionC,2399,2399,2402.9166666666665,0,5.0,37.0
43786,BatchInference,RegionB,RegionB,2399,2399,2401.1,0,5.0,17.0
44439,BatchInference,RegionE,RegionE,2399,2399,2404.616666666667,0,5.0,6.0
46942,BatchInference,RegionC,RegionC,2399,2399,2404.7,0,5.0,11.0
48579,AITraining,RegionF,RegionF,2399,2399,2401.5,0,5.0,119.0
49525,BatchInference,RegionB,RegionB,2399,2399,2402.116666666667,0,5.0,16.0
