scheme,metric,lowest_pass,highest_pass,adjacent_relative_changes,high_vs_low_relative_change,maximum_relative_change,threshold,auxiliary_diagnostic_only,converged
cost_min,cost_CNY,1,6,0.00119655372869348|0.000155673777601973|1.3973312321363e-05|5.50057799494193e-06|3.71627615149801e-06,0.0013751998976333155,0.0013751998976333155,0.001,False,True
cost_min,carbon_tCO2,1,6,0.237472026697079|0.0214337066811941|0|0|0,0.22077024468438566,0.2374720266970792,0.001,False,True
cost_min,renewable_utilization,1,6,0.000300836255652605|3.53253544873903e-05|2.50090549920556e-06|2.33008188211757e-06|9.36263488613378e-07,0.00034191628484860255,0.00034191628484860255,0.01,True,True
cost_min,renewable_used_MWh,1,6,0.000300836255652607|3.5325354487366e-05|2.50090549928927e-06|2.33008188210354e-06|9.36263488628536e-07,0.0003419162848486645,0.0003419162848486645,0.001,False,True
cost_min,network_latency_ms,1,6,0.00588540770841646|0.000283154672136633|0.000169284206448629|6.7907407277121e-05|6.41424267601892e-06,0.006396240137199979,0.006396240137199979,0.01,True,True
cost_min,service_objective,1,6,0.00953211031974517|0.00116901332715081|0.00450440196893515|0.00289177054390005|0.000404807681454628,0.0014015039737395488,0.009532110319745168,0.001,False,False
cost_min,service_quality,1,6,0.00949276541102395|0.00116414751414272|0.0044857372876251|0.00287982255601545|0.000403135129223828,0.0013957191009179297,0.009492765411023946,0.01,True,True
cost_min,migration_count,1,6,0.00642183423640377|0.00100240577385726|0.000801282051282051|0.000400641025641026|0,0.00781563126252505,0.00781563126252505,0.01,True,True
cost_min,task_coverage_rate,1,6,0|0|0|0|0,0.0,0.0,0.01,True,True
cost_min,accepted_improvements,1,6,0.0748637383776852|0.0139108441353146|0.00330864975579014|0.00110166824047844|0.000629128656810318,0.09232463038691413,0.09232463038691413,0.01,True,True
carbon_direct,cost_CNY,1,6,0|0|0|0|0,0.0,0.0,0.001,False,True
carbon_direct,carbon_tCO2,1,6,0|0|0|0|0,0.0,0.0,0.001,False,True
carbon_direct,renewable_utilization,1,6,0|0|0|0|0,0.0,0.0,0.01,True,True
carbon_direct,renewable_used_MWh,1,6,0|0|0|0|0,0.0,0.0,0.001,False,True
carbon_direct,network_latency_ms,1,6,0|0|0|0|0,0.0,0.0,0.01,True,True
carbon_direct,service_objective,1,6,0|0|0|0|0,0.0,0.0,0.001,False,True
carbon_direct,service_quality,1,6,0|0|0|0|0,0.0,0.0,0.01,True,True
carbon_direct,migration_count,1,6,0|0|0|0|0,0.0,0.0,0.01,True,True
carbon_direct,task_coverage_rate,1,6,0|0|0|0|0,0.0,0.0,0.01,True,True
carbon_direct,accepted_improvements,1,6,0|0|0|0|0,0.0,0.0,0.01,True,True
renewable_max,cost_CNY,1,6,0.00150290099582967|7.00250926751524e-05|2.47125555290473e-05|0|0,0.0015974945348298175,0.0015974945348298175,0.001,False,True
renewable_max,carbon_tCO2,1,6,0.653300108997471|0.239870832677348|0.256203212068712|0|0,0.6607494141921949,0.6607494141921949,0.001,False,True
renewable_max,renewable_utilization,1,6,0.000335549593160262|2.24301958362917e-05|2.55606296583574e-06|0|0,0.00036052741051965904,0.00036052741051965904,0.01,True,True
renewable_max,renewable_used_MWh,1,6,0.000335549593160336|2.24301958362967e-05|2.55606296579056e-06|0|0,0.0003605274105196924,0.0003605274105196924,0.001,False,True
renewable_max,network_latency_ms,1,6,0.0119062944061374|0.000121953858221902|0.000304476358707114|0|0,0.011484798359876754,0.0119062944061374,0.01,True,True
renewable_max,service_objective,1,6,0.0153411904708582|0.00419726489298097|0.000172761819752585|0|0,0.019643461768621372,0.019643461768621372,0.001,False,True
renewable_max,service_quality,1,6,0.0153043482319795|0.00418722726667137|0.000172348736528865|0|0,0.019596493147140875,0.019596493147140875,0.01,True,True
renewable_max,migration_count,1,6,0.0126283886176124|0.000449009373070663|0.000224605536526475|0|0,0.011962931760741365,0.012628388617612393,0.01,True,True
renewable_max,task_coverage_rate,1,6,0|0|0|0|0,0.0,0.0,0.01,True,True
renewable_max,accepted_improvements,1,6,0.0369448114645797|0.00565942395149065|0.000959159977787874|0|0,0.04331364531273663,0.04331364531273663,0.01,True,True
service_first,cost_CNY,1,6,0|0|0|0|0,0.0,0.0,0.001,False,True
service_first,carbon_tCO2,1,6,0|0|0|0|0,0.0,0.0,0.001,False,True
service_first,renewable_utilization,1,6,0|0|0|0|0,0.0,0.0,0.01,True,True
service_first,renewable_used_MWh,1,6,0|0|0|0|0,0.0,0.0,0.001,False,True
service_first,network_latency_ms,1,6,0|0|0|0|0,0.0,0.0,0.01,True,True
service_first,service_objective,1,6,0|0|0|0|0,0.0,0.0,0.001,False,True
service_first,service_quality,1,6,0|0|0|0|0,0.0,0.0,0.01,True,True
service_first,migration_count,1,6,0|0|0|0|0,0.0,0.0,0.01,True,True
service_first,task_coverage_rate,1,6,0|0|0|0|0,0.0,0.0,0.01,True,True
service_first,accepted_improvements,1,6,0|0|0|0|0,0.0,0.0,0.01,True,True
balanced,cost_CNY,1,6,0.00126229274451551|6.55019585919872e-05|2.02709444973967e-05|9.44652444555999e-09|1.69588478574479e-06,0.0013462718831083389,0.0013462718831083389,0.001,False,True
balanced,carbon_tCO2,1,6,0.756324812382012|0|0|0|0,0.7563248123820117,0.7563248123820117,0.001,False,True
balanced,renewable_utilization,1,6,0.000311588288206041|2.05938274167142e-05|4.452092285276e-06|7.35149152434612e-07|1.09793630659455e-07,0.0003372514573150216,0.0003372514573150216,0.01,True,True
balanced,renewable_used_MWh,1,6,0.000311588288206118|2.05938274165883e-05|4.45209228536962e-06|7.35149152382261e-07|1.09793630638339e-07,0.0003372514573150351,0.0003372514573150351,0.001,False,True
balanced,network_latency_ms,1,6,0.00601909144626325|0.000509206888126648|0.00010988577702262|3.6565193145278e-05|1.01519233078379e-05,0.006587993142599779,0.006587993142599779,0.01,True,True
balanced,service_objective,1,6,0.0557076908344543|0.0116930428469671|0.000104036300927469|0.000476317218161179|0.000338716102330815,0.06741279815883727,0.06741279815883727,0.001,False,True
balanced,service_quality,1,6,0.0553151952515525|0.0116058340635128|0.000103251349881954|0.000472723417775493|0.000336159289936238,0.06693783276156359,0.06693783276156359,0.01,True,True
balanced,migration_count,1,6,0.00342263661040954|0.000767142688540068|0.000472450245083565|5.90841949778434e-05|5.90876861262113e-05,0.0020681912190509957,0.003422636610409536,0.01,True,True
balanced,task_coverage_rate,1,6,0|0|0|0|0,0.0,0.0,0.01,True,True
balanced,accepted_improvements,1,6,0.0418112969390975|0.00684251762862366|0.00151246479607802|0.000417057658221249|5.21294896522963e-05,0.05025282802481364,0.05025282802481364,0.01,True,True
