scenario_type,parameter,state_count,storage_policy,storage_policy_candidate_count,level,seed,alternation_round,task_candidate_budget,task_candidates_checked,unique_tasks_visited,local_task_moves_accepted,full_task_audit_passed,incumbent_schedule_before_sha256,candidate_schedule_sha256,storage_trajectory_sha256,joint_score_before,joint_score_candidate,improvement,accepted,incumbent_schedule_after_sha256,neighborhood_rebuilt_from_previous_storage,search_signal,settlement_price,settlement_price_sha256
baseline,baseline,21,balanced,3,1.0,,1,600,600,600,126,True,15a813da95bb928ebcad749613c5244fae1f40eb0831119be5fd9bf87ecb0e15,867b6f8b0371181f4b4899bb3ad0af57ea02792653d8645260d7ffc0ef63cc54,2d0cb6271c7ce856750b056d6d854df9129262bcc796f2aa59f5102b9ecf592f,0.0,0.0005022588579573374,-0.0005022588579573374,False,15a813da95bb928ebcad749613c5244fae1f40eb0831119be5fd9bf87ecb0e15,True,SearchSignal_CNY_per_MWh = settlement_price + 200*carbon + 5*purchase - 5*curtailment,ElectricityPrice_CNY_per_MWh unchanged in formal variant,bfb3ea477abdff79335c7bd46cbb45656b7888a9943803711ca0eac87e7888cd
baseline,baseline,21,balanced,3,1.0,,2,600,600,600,119,True,15a813da95bb928ebcad749613c5244fae1f40eb0831119be5fd9bf87ecb0e15,c74074a7d3d723a843ec1b3c52c917353c6e95b6c41dcc0c353c6ccedc9ebc16,4edc63d737e0720b1758623a507537361158de9cb6223102d666c19f121f391f,0.0,0.00044664337037631554,-0.00044664337037631554,False,15a813da95bb928ebcad749613c5244fae1f40eb0831119be5fd9bf87ecb0e15,True,SearchSignal_CNY_per_MWh = settlement_price + 200*carbon + 5*purchase - 5*curtailment,ElectricityPrice_CNY_per_MWh unchanged in formal variant,bfb3ea477abdff79335c7bd46cbb45656b7888a9943803711ca0eac87e7888cd
carbon_constraint,carbon_reduction,21,renewable_max,3,0.0,,1,600,600,600,168,True,15a813da95bb928ebcad749613c5244fae1f40eb0831119be5fd9bf87ecb0e15,f58f16c0d5bdeb3f3b44c508afccb949a85a479b7ba3c41946810d4116849e82,3a4611df81b026946b9b00359a398d585943d8433accec3ccda5959f0d1f53c8,1096.5485823212655,1088.8653202958042,7.6832620254613175,True,f58f16c0d5bdeb3f3b44c508afccb949a85a479b7ba3c41946810d4116849e82,True,SearchSignal_CNY_per_MWh = settlement_price + 200*carbon + 5*purchase - 5*curtailment,ElectricityPrice_CNY_per_MWh unchanged in formal variant,bfb3ea477abdff79335c7bd46cbb45656b7888a9943803711ca0eac87e7888cd
carbon_constraint,carbon_reduction,21,renewable_max,3,0.0,,2,600,600,600,174,True,f58f16c0d5bdeb3f3b44c508afccb949a85a479b7ba3c41946810d4116849e82,92b68c74f7518a98968ec37e1ff82e314617048777c49757c3e677dcfcf92cc4,2c8e8601c532456358b319674477d2105df04e331b5228c4d9ab5aa046d9f183,1088.8653202958042,1083.7514729545924,5.113847341211795,True,92b68c74f7518a98968ec37e1ff82e314617048777c49757c3e677dcfcf92cc4,True,SearchSignal_CNY_per_MWh = settlement_price + 200*carbon + 5*purchase - 5*curtailment,ElectricityPrice_CNY_per_MWh unchanged in formal variant,bfb3ea477abdff79335c7bd46cbb45656b7888a9943803711ca0eac87e7888cd
carbon_constraint,carbon_reduction,21,renewable_max,3,0.0,,3,600,600,600,150,True,92b68c74f7518a98968ec37e1ff82e314617048777c49757c3e677dcfcf92cc4,96bebd3be7908c61bdc0c12fc4ceb41c0d9923a1b14a607e643d6ea2095033a4,6a27b32bb8554987c62c751b0e56d6af17fd93661e458e356785e72101cbca48,1083.7514729545924,1072.7675178350453,10.98395511954709,True,96bebd3be7908c61bdc0c12fc4ceb41c0d9923a1b14a607e643d6ea2095033a4,True,SearchSignal_CNY_per_MWh = settlement_price + 200*carbon + 5*purchase - 5*curtailment,ElectricityPrice_CNY_per_MWh unchanged in formal variant,bfb3ea477abdff79335c7bd46cbb45656b7888a9943803711ca0eac87e7888cd
carbon_constraint,carbon_reduction,21,renewable_max,3,0.0,,4,600,600,600,117,True,96bebd3be7908c61bdc0c12fc4ceb41c0d9923a1b14a607e643d6ea2095033a4,3851c5c3de234cc028c828659e5a340aa66106cf2c5bb22c4f6a653217ca2d26,227f298c299064f675286bc699d8e016a08c31bb0b281af3105c10897e9d9a72,1072.7675178350453,1048.9288346080393,23.83868322700596,True,3851c5c3de234cc028c828659e5a340aa66106cf2c5bb22c4f6a653217ca2d26,True,SearchSignal_CNY_per_MWh = settlement_price + 200*carbon + 5*purchase - 5*curtailment,ElectricityPrice_CNY_per_MWh unchanged in formal variant,bfb3ea477abdff79335c7bd46cbb45656b7888a9943803711ca0eac87e7888cd
carbon_constraint,carbon_reduction,21,renewable_max,3,0.0,,5,600,600,600,137,True,3851c5c3de234cc028c828659e5a340aa66106cf2c5bb22c4f6a653217ca2d26,85c55ebde7b08ced9b75a8735e21eb8b588c1a8da4653c1e33c73969742c4ce9,8416069cd7873105eaa0273be60e7c6f5a04712be2fbc07bb00507a929f20a62,1048.9288346080393,1029.2478839607427,19.68095064729664,True,85c55ebde7b08ced9b75a8735e21eb8b588c1a8da4653c1e33c73969742c4ce9,True,SearchSignal_CNY_per_MWh = settlement_price + 200*carbon + 5*purchase - 5*curtailment,ElectricityPrice_CNY_per_MWh unchanged in formal variant,bfb3ea477abdff79335c7bd46cbb45656b7888a9943803711ca0eac87e7888cd
carbon_constraint,carbon_reduction,21,renewable_max,3,0.0,,6,600,600,600,140,True,85c55ebde7b08ced9b75a8735e21eb8b588c1a8da4653c1e33c73969742c4ce9,149db1f29c6ec5b3f0f5d6839a71fa531d420e19dadc335ef80079a8b13800b4,1e78c82001651bcdcc656d77e9bd743c05f6cace9a9fc5585e5e3162bbe57b5f,1029.2478839607427,1014.2935088983203,14.9543750624224,True,149db1f29c6ec5b3f0f5d6839a71fa531d420e19dadc335ef80079a8b13800b4,True,SearchSignal_CNY_per_MWh = settlement_price + 200*carbon + 5*purchase - 5*curtailment,ElectricityPrice_CNY_per_MWh unchanged in formal variant,bfb3ea477abdff79335c7bd46cbb45656b7888a9943803711ca0eac87e7888cd
carbon_constraint,carbon_reduction,21,renewable_max,3,0.0,,7,600,600,600,121,True,149db1f29c6ec5b3f0f5d6839a71fa531d420e19dadc335ef80079a8b13800b4,2adebacc6cede589f30473c2aa78524b3fcc2615d988db3db0284781762de19f,78f4bf037e5e9709153107743e67f73a29b98fac910fc80cfda42c55492eca2a,1014.2935088983203,999.9012996439142,14.392209254406112,True,2adebacc6cede589f30473c2aa78524b3fcc2615d988db3db0284781762de19f,True,SearchSignal_CNY_per_MWh = settlement_price + 200*carbon + 5*purchase - 5*curtailment,ElectricityPrice_CNY_per_MWh unchanged in formal variant,bfb3ea477abdff79335c7bd46cbb45656b7888a9943803711ca0eac87e7888cd
carbon_constraint,carbon_reduction,21,renewable_max,3,0.0,,8,600,600,600,138,True,2adebacc6cede589f30473c2aa78524b3fcc2615d988db3db0284781762de19f,f47997c8ca9bba460384a6dbd96215400188a75c058c84b92651d176d0fca7de,d91b18f9058807739742faa7bd0cd09794831ac35a30f413630ee915d5f8a158,999.9012996439142,972.0343577009947,27.866941942919425,True,f47997c8ca9bba460384a6dbd96215400188a75c058c84b92651d176d0fca7de,True,SearchSignal_CNY_per_MWh = settlement_price + 200*carbon + 5*purchase - 5*curtailment,ElectricityPrice_CNY_per_MWh unchanged in formal variant,bfb3ea477abdff79335c7bd46cbb45656b7888a9943803711ca0eac87e7888cd
carbon_constraint,carbon_reduction,21,balanced,3,0.1,,1,600,600,600,163,True,15a813da95bb928ebcad749613c5244fae1f40eb0831119be5fd9bf87ecb0e15,a657157994f7ab8c10a0fa1f9f3422a142bc70ff089dc792047dbf9455e3fe07,db00b81ab7cd1fd38c25ad90f83d3e6eb015a3ebe7c85467b43227c65ad49d7b,1183.2016001902548,1165.9311451223193,17.270455067935472,True,a657157994f7ab8c10a0fa1f9f3422a142bc70ff089dc792047dbf9455e3fe07,True,SearchSignal_CNY_per_MWh = settlement_price + 200*carbon + 5*purchase - 5*curtailment,ElectricityPrice_CNY_per_MWh unchanged in formal variant,bfb3ea477abdff79335c7bd46cbb45656b7888a9943803711ca0eac87e7888cd
carbon_constraint,carbon_reduction,21,balanced,3,0.1,,2,600,600,600,167,True,a657157994f7ab8c10a0fa1f9f3422a142bc70ff089dc792047dbf9455e3fe07,9c80475b01e7780c56b11bbe61e8858edd8caccd144d5861a9dc01016a92ee13,e05520210e65429b82d297561386bd9f9a45ddac836f2d6d2f375d2b85ac6f72,1165.9311451223193,1155.8757764483398,10.055368673979501,True,9c80475b01e7780c56b11bbe61e8858edd8caccd144d5861a9dc01016a92ee13,True,SearchSignal_CNY_per_MWh = settlement_price + 200*carbon + 5*purchase - 5*curtailment,ElectricityPrice_CNY_per_MWh unchanged in formal variant,bfb3ea477abdff79335c7bd46cbb45656b7888a9943803711ca0eac87e7888cd
carbon_constraint,carbon_reduction,21,balanced,3,0.1,,3,600,600,600,170,True,9c80475b01e7780c56b11bbe61e8858edd8caccd144d5861a9dc01016a92ee13,9aae1b9e20de4ce9c71aa8d7360505f7904ba7f1ddc0aed3e92918adf5fd993e,e4d0b7af60b51185c780b6508ffb830a99937256c05789b3ff8ae2ecd09521af,1155.8757764483398,1130.119836679194,25.755939769145925,True,9aae1b9e20de4ce9c71aa8d7360505f7904ba7f1ddc0aed3e92918adf5fd993e,True,SearchSignal_CNY_per_MWh = settlement_price + 200*carbon + 5*purchase - 5*curtailment,ElectricityPrice_CNY_per_MWh unchanged in formal variant,bfb3ea477abdff79335c7bd46cbb45656b7888a9943803711ca0eac87e7888cd
carbon_constraint,carbon_reduction,21,balanced,3,0.1,,4,600,600,600,135,True,9aae1b9e20de4ce9c71aa8d7360505f7904ba7f1ddc0aed3e92918adf5fd993e,2ad7dcc67bfaf4fa2cc773215e0a27aa85e5fd4717bfabe4f8c8bc5adf81640c,126cb688a9dbc8d448a64448339fc4343fc7dfdce0323e23a2eb2963440eecca,1130.119836679194,1091.8268870580505,38.29294962114341,True,2ad7dcc67bfaf4fa2cc773215e0a27aa85e5fd4717bfabe4f8c8bc5adf81640c,True,SearchSignal_CNY_per_MWh = settlement_price + 200*carbon + 5*purchase - 5*curtailment,ElectricityPrice_CNY_per_MWh unchanged in formal variant,bfb3ea477abdff79335c7bd46cbb45656b7888a9943803711ca0eac87e7888cd
carbon_constraint,carbon_reduction,21,balanced,3,0.1,,5,600,600,600,140,True,2ad7dcc67bfaf4fa2cc773215e0a27aa85e5fd4717bfabe4f8c8bc5adf81640c,62876089ea7d4b5d0093e71b04876325d9eb5d60176bf8559ae0e03a7bdcc204,4fcbb0a8d2ad3dfc2ce97a4edf4e98981c68afdbcddb4bdcb93cfbdd3ad56d3d,1091.8268870580505,1039.4381866228289,52.38870043522161,True,62876089ea7d4b5d0093e71b04876325d9eb5d60176bf8559ae0e03a7bdcc204,True,SearchSignal_CNY_per_MWh = settlement_price + 200*carbon + 5*purchase - 5*curtailment,ElectricityPrice_CNY_per_MWh unchanged in formal variant,bfb3ea477abdff79335c7bd46cbb45656b7888a9943803711ca0eac87e7888cd
carbon_constraint,carbon_reduction,21,balanced,3,0.1,,6,600,600,600,131,True,62876089ea7d4b5d0093e71b04876325d9eb5d60176bf8559ae0e03a7bdcc204,f01eb25e1ad4d7611f5c31c874d2a473f9be9bfc7b3c57d29dfd481a163126e9,32f2a5a6aff8ad57e1858ecc7258f56d782d206585be2b54f56dc3d51ef10a85,1039.4381866228289,1023.6597425603405,15.778444062488347,True,f01eb25e1ad4d7611f5c31c874d2a473f9be9bfc7b3c57d29dfd481a163126e9,True,SearchSignal_CNY_per_MWh = settlement_price + 200*carbon + 5*purchase - 5*curtailment,ElectricityPrice_CNY_per_MWh unchanged in formal variant,bfb3ea477abdff79335c7bd46cbb45656b7888a9943803711ca0eac87e7888cd
carbon_constraint,carbon_reduction,21,renewable_max,3,0.1,,7,600,600,600,136,True,f01eb25e1ad4d7611f5c31c874d2a473f9be9bfc7b3c57d29dfd481a163126e9,31eed762b50bd37b1a9be0b86eeba781eec4d5a6abf9909689e662eadb5485e4,a2ccdfcf2b08d03d59d801269e009a23150cfb56c2166c94b80deea87d2b2c14,1023.6597425603405,983.230556776103,40.429185784237575,True,31eed762b50bd37b1a9be0b86eeba781eec4d5a6abf9909689e662eadb5485e4,True,SearchSignal_CNY_per_MWh = settlement_price + 200*carbon + 5*purchase - 5*curtailment,ElectricityPrice_CNY_per_MWh unchanged in formal variant,bfb3ea477abdff79335c7bd46cbb45656b7888a9943803711ca0eac87e7888cd
carbon_constraint,carbon_reduction,21,renewable_max,3,0.1,,8,600,600,600,129,True,31eed762b50bd37b1a9be0b86eeba781eec4d5a6abf9909689e662eadb5485e4,959b54f601047846ef06aa652275035fd62daf5bfd748b13ccdc698bb605a5a1,674cae5535387a9f983202ad0cef008ea0e3b4e584fca04cdfbbab33b4dcfde7,983.230556776103,962.7173188634528,20.513237912650197,True,959b54f601047846ef06aa652275035fd62daf5bfd748b13ccdc698bb605a5a1,True,SearchSignal_CNY_per_MWh = settlement_price + 200*carbon + 5*purchase - 5*curtailment,ElectricityPrice_CNY_per_MWh unchanged in formal variant,bfb3ea477abdff79335c7bd46cbb45656b7888a9943803711ca0eac87e7888cd
carbon_constraint,carbon_reduction,21,balanced,3,0.2,,1,600,600,600,154,True,15a813da95bb928ebcad749613c5244fae1f40eb0831119be5fd9bf87ecb0e15,5ad8268b24d4ed3c3175bd6c3681af5c01306a0cd74c9461064ecf39d9bb1e54,51410afc5dc5fc03c7af312bb152d433ecf7be1634086b671227490e21ade828,1321.6975009962327,1311.9534737479205,9.74402724831225,True,5ad8268b24d4ed3c3175bd6c3681af5c01306a0cd74c9461064ecf39d9bb1e54,True,SearchSignal_CNY_per_MWh = settlement_price + 200*carbon + 5*purchase - 5*curtailment,ElectricityPrice_CNY_per_MWh unchanged in formal variant,bfb3ea477abdff79335c7bd46cbb45656b7888a9943803711ca0eac87e7888cd
carbon_constraint,carbon_reduction,21,balanced,3,0.2,,2,600,600,600,134,True,5ad8268b24d4ed3c3175bd6c3681af5c01306a0cd74c9461064ecf39d9bb1e54,9803a1db87c503c1274c680117459222caa6855d01deb9f5278c2d93fae75c8d,a394b7f1fc570c4c613e601998d314dfc18ce1b773aac3a231fcab46dd52f875,1311.9534737479205,1284.234936364129,27.7185373837915,True,9803a1db87c503c1274c680117459222caa6855d01deb9f5278c2d93fae75c8d,True,SearchSignal_CNY_per_MWh = settlement_price + 200*carbon + 5*purchase - 5*curtailment,ElectricityPrice_CNY_per_MWh unchanged in formal variant,bfb3ea477abdff79335c7bd46cbb45656b7888a9943803711ca0eac87e7888cd
carbon_constraint,carbon_reduction,21,balanced,3,0.2,,3,600,600,600,164,True,9803a1db87c503c1274c680117459222caa6855d01deb9f5278c2d93fae75c8d,efc1abdbcc529921ded3907e19d086fd8ebc2db40943a1535d85a23a9c49f502,558d57f9e039ea1759d4a8558c71eaab119550ae6656061a23d17eac50cbb94c,1284.234936364129,1246.453690834831,37.781245529298076,True,efc1abdbcc529921ded3907e19d086fd8ebc2db40943a1535d85a23a9c49f502,True,SearchSignal_CNY_per_MWh = settlement_price + 200*carbon + 5*purchase - 5*curtailment,ElectricityPrice_CNY_per_MWh unchanged in formal variant,bfb3ea477abdff79335c7bd46cbb45656b7888a9943803711ca0eac87e7888cd
carbon_constraint,carbon_reduction,21,balanced,3,0.2,,4,600,600,600,141,True,efc1abdbcc529921ded3907e19d086fd8ebc2db40943a1535d85a23a9c49f502,fb4f2163db58d4ed0a599a899865b928d22f51d0ac1b67cf048a754f9144bd55,34c0cce80c6b39fae6e9f1e42199550a056439b28c145aef1e29248cdad7dd12,1246.453690834831,1203.3636101269767,43.09008070785421,True,fb4f2163db58d4ed0a599a899865b928d22f51d0ac1b67cf048a754f9144bd55,True,SearchSignal_CNY_per_MWh = settlement_price + 200*carbon + 5*purchase - 5*curtailment,ElectricityPrice_CNY_per_MWh unchanged in formal variant,bfb3ea477abdff79335c7bd46cbb45656b7888a9943803711ca0eac87e7888cd
carbon_constraint,carbon_reduction,21,balanced,3,0.2,,5,600,600,600,132,True,fb4f2163db58d4ed0a599a899865b928d22f51d0ac1b67cf048a754f9144bd55,ecdc9fbbb87d6fc488815bf872defe0eb5b66f2d246a76b7bb0237a3456725c8,d7d34fd2c69e10a89711aeca2025a0e8a20713574f3735710ddb03423f0cae60,1203.3636101269767,1159.714154173757,43.649455953219785,True,ecdc9fbbb87d6fc488815bf872defe0eb5b66f2d246a76b7bb0237a3456725c8,True,SearchSignal_CNY_per_MWh = settlement_price + 200*carbon + 5*purchase - 5*curtailment,ElectricityPrice_CNY_per_MWh unchanged in formal variant,bfb3ea477abdff79335c7bd46cbb45656b7888a9943803711ca0eac87e7888cd
carbon_constraint,carbon_reduction,21,balanced,3,0.2,,6,600,600,600,134,True,ecdc9fbbb87d6fc488815bf872defe0eb5b66f2d246a76b7bb0237a3456725c8,1e07a12c5ebd3f80415661dc5942a68d0b88392f99638fd5727fa3827c725e93,d138bb7e221f76a92a21fa46e0bf7beae4d59c6c517cb29078601536d38a2a68,1159.714154173757,1138.7082891651228,21.005865008634146,True,1e07a12c5ebd3f80415661dc5942a68d0b88392f99638fd5727fa3827c725e93,True,SearchSignal_CNY_per_MWh = settlement_price + 200*carbon + 5*purchase - 5*curtailment,ElectricityPrice_CNY_per_MWh unchanged in formal variant,bfb3ea477abdff79335c7bd46cbb45656b7888a9943803711ca0eac87e7888cd
carbon_constraint,carbon_reduction,21,balanced,3,0.2,,7,600,600,600,142,True,1e07a12c5ebd3f80415661dc5942a68d0b88392f99638fd5727fa3827c725e93,9a5c563fcee90928b68edb4f2b903e616a49fbf2b9a1d90450454d8756480179,ea3023ea9030d5fbc2f88c0866174c58075bd37581a1aa3c36e99e8a7bb43a51,1138.7082891651228,1086.231006519359,52.47728264576381,True,9a5c563fcee90928b68edb4f2b903e616a49fbf2b9a1d90450454d8756480179,True,SearchSignal_CNY_per_MWh = settlement_price + 200*carbon + 5*purchase - 5*curtailment,ElectricityPrice_CNY_per_MWh unchanged in formal variant,bfb3ea477abdff79335c7bd46cbb45656b7888a9943803711ca0eac87e7888cd
carbon_constraint,carbon_reduction,21,balanced,3,0.2,,8,600,600,600,108,True,9a5c563fcee90928b68edb4f2b903e616a49fbf2b9a1d90450454d8756480179,49d43522b56a89e20309437b24f430d09967f275d5b07329dd4acfbfe45825fe,91aa1b24c336492a4632c99b70744cda11b2a01a175a72bec5136b52c0f7be62,1086.231006519359,1045.076465743212,41.15454077614686,True,49d43522b56a89e20309437b24f430d09967f275d5b07329dd4acfbfe45825fe,True,SearchSignal_CNY_per_MWh = settlement_price + 200*carbon + 5*purchase - 5*curtailment,ElectricityPrice_CNY_per_MWh unchanged in formal variant,bfb3ea477abdff79335c7bd46cbb45656b7888a9943803711ca0eac87e7888cd
carbon_constraint,carbon_reduction,21,balanced,3,0.3,,1,600,600,600,181,True,15a813da95bb928ebcad749613c5244fae1f40eb0831119be5fd9bf87ecb0e15,6a2c9215b2389ccb0f399f53d6659be282a9a84d0ea4c044986f2bd9d21b6c04,0d8de9304604c75bcd78bef705cd58ec03da391dd7d653598100477889ca08fb,1499.7636591753476,1482.3916555810297,17.372003594317903,True,6a2c9215b2389ccb0f399f53d6659be282a9a84d0ea4c044986f2bd9d21b6c04,True,SearchSignal_CNY_per_MWh = settlement_price + 200*carbon + 5*purchase - 5*curtailment,ElectricityPrice_CNY_per_MWh unchanged in formal variant,bfb3ea477abdff79335c7bd46cbb45656b7888a9943803711ca0eac87e7888cd
carbon_constraint,carbon_reduction,21,balanced,3,0.3,,2,600,600,600,164,True,6a2c9215b2389ccb0f399f53d6659be282a9a84d0ea4c044986f2bd9d21b6c04,a941f626a89b4a9a97163ccd14972bac41edf550135bc8c2328484041eb3c0dc,7b4c1cc5f4ad05f0163d0dab9988b45d26c2dbdf6b7901b05615fa3da9055463,1482.3916555810297,1453.2348313631942,29.156824217835492,True,a941f626a89b4a9a97163ccd14972bac41edf550135bc8c2328484041eb3c0dc,True,SearchSignal_CNY_per_MWh = settlement_price + 200*carbon + 5*purchase - 5*curtailment,ElectricityPrice_CNY_per_MWh unchanged in formal variant,bfb3ea477abdff79335c7bd46cbb45656b7888a9943803711ca0eac87e7888cd
carbon_constraint,carbon_reduction,21,balanced,3,0.3,,3,600,600,600,148,True,a941f626a89b4a9a97163ccd14972bac41edf550135bc8c2328484041eb3c0dc,5877cad21d93d6578cc18112f9f0c8d4d13428238c44c82b08c20bd0a3e5a060,acad35f01992ab26a2c3808dd9a28a886488b6057791a1769a26fd260c694066,1453.2348313631942,1421.352840373781,31.881990989413225,True,5877cad21d93d6578cc18112f9f0c8d4d13428238c44c82b08c20bd0a3e5a060,True,SearchSignal_CNY_per_MWh = settlement_price + 200*carbon + 5*purchase - 5*curtailment,ElectricityPrice_CNY_per_MWh unchanged in formal variant,bfb3ea477abdff79335c7bd46cbb45656b7888a9943803711ca0eac87e7888cd
carbon_constraint,carbon_reduction,21,balanced,3,0.3,,4,600,600,600,142,True,5877cad21d93d6578cc18112f9f0c8d4d13428238c44c82b08c20bd0a3e5a060,75efc3f3185947557a20e7282edc84bf48d13115445943439a920eb036c3134d,63d767451d7d63981a2364b60c3d7eb974f405613d206a229afc184ac1faffc2,1421.352840373781,1403.650324763687,17.702515610093997,True,75efc3f3185947557a20e7282edc84bf48d13115445943439a920eb036c3134d,True,SearchSignal_CNY_per_MWh = settlement_price + 200*carbon + 5*purchase - 5*curtailment,ElectricityPrice_CNY_per_MWh unchanged in formal variant,bfb3ea477abdff79335c7bd46cbb45656b7888a9943803711ca0eac87e7888cd
carbon_constraint,carbon_reduction,21,balanced,3,0.3,,5,600,600,600,152,True,75efc3f3185947557a20e7282edc84bf48d13115445943439a920eb036c3134d,c38e50f0c3540bb94d2ee5474b01d8071c1f8d4b8110b8ef9108eedb4f83396e,64f13dbfdb7990839cf8b4792a84112d9f100f379c2de4caa4be99cf3cbb2fdb,1403.650324763687,1357.8769600664925,45.77336469719444,True,c38e50f0c3540bb94d2ee5474b01d8071c1f8d4b8110b8ef9108eedb4f83396e,True,SearchSignal_CNY_per_MWh = settlement_price + 200*carbon + 5*purchase - 5*curtailment,ElectricityPrice_CNY_per_MWh unchanged in formal variant,bfb3ea477abdff79335c7bd46cbb45656b7888a9943803711ca0eac87e7888cd
carbon_constraint,carbon_reduction,21,balanced,3,0.3,,6,600,600,600,129,True,c38e50f0c3540bb94d2ee5474b01d8071c1f8d4b8110b8ef9108eedb4f83396e,68055a6677796dd0b9852ddce016b227b2fc0d4e9efb47fe2c2ad67369b52388,878917715e285538c85f79218c316870fceecce70022bfccc148a520b76d361a,1357.8769600664925,1342.2365166337627,15.640443432729853,True,68055a6677796dd0b9852ddce016b227b2fc0d4e9efb47fe2c2ad67369b52388,True,SearchSignal_CNY_per_MWh = settlement_price + 200*carbon + 5*purchase - 5*curtailment,ElectricityPrice_CNY_per_MWh unchanged in formal variant,bfb3ea477abdff79335c7bd46cbb45656b7888a9943803711ca0eac87e7888cd
carbon_constraint,carbon_reduction,21,balanced,3,0.3,,7,600,600,600,124,True,68055a6677796dd0b9852ddce016b227b2fc0d4e9efb47fe2c2ad67369b52388,91343659256964899e49bf76c86d0489de62ba016f7877a1cef8bf00b0dd932e,a0f72a459bab7eab3b3fb74995b9edf25a204c23aa719071c6bbc8cc3cbde963,1342.2365166337627,1290.3486962608436,51.88782037291912,True,91343659256964899e49bf76c86d0489de62ba016f7877a1cef8bf00b0dd932e,True,SearchSignal_CNY_per_MWh = settlement_price + 200*carbon + 5*purchase - 5*curtailment,ElectricityPrice_CNY_per_MWh unchanged in formal variant,bfb3ea477abdff79335c7bd46cbb45656b7888a9943803711ca0eac87e7888cd
carbon_constraint,carbon_reduction,21,balanced,3,0.3,,8,600,600,600,120,True,91343659256964899e49bf76c86d0489de62ba016f7877a1cef8bf00b0dd932e,bfd85388f88aec2855aabf63e29b2bfc26e38c4a4633fe4d3ea9c38172782837,8370ef0f3731743a24c6dfa3dff6aa690d092c3025a43ee24d64ef0ced7aa161,1290.3486962608436,1279.4458210730793,10.902875187764266,True,bfd85388f88aec2855aabf63e29b2bfc26e38c4a4633fe4d3ea9c38172782837,True,SearchSignal_CNY_per_MWh = settlement_price + 200*carbon + 5*purchase - 5*curtailment,ElectricityPrice_CNY_per_MWh unchanged in formal variant,bfb3ea477abdff79335c7bd46cbb45656b7888a9943803711ca0eac87e7888cd
price_spread,price_scale,21,balanced,3,0.75,,1,600,600,600,124,True,15a813da95bb928ebcad749613c5244fae1f40eb0831119be5fd9bf87ecb0e15,fee088d7a08e793ab3ad3151ef5905f1f5afb95cb00f9de1008b4bb6ad2fb736,ff153a6b117afd0c006c7889a30400a84eb475da151bf9d2bf6762a0a18ec4e8,0.0,0.0011510868161630674,-0.0011510868161630674,False,15a813da95bb928ebcad749613c5244fae1f40eb0831119be5fd9bf87ecb0e15,True,SearchSignal_CNY_per_MWh = settlement_price + 200*carbon + 5*purchase - 5*curtailment,ElectricityPrice_CNY_per_MWh unchanged in formal variant,bfb3ea477abdff79335c7bd46cbb45656b7888a9943803711ca0eac87e7888cd
price_spread,price_scale,21,balanced,3,0.75,,2,600,600,600,104,True,15a813da95bb928ebcad749613c5244fae1f40eb0831119be5fd9bf87ecb0e15,50e26e379b738713a924d635921565ab93cde7f56f466174426244b7dbd6a386,1fbd2770a9f701bc0b8117f6e2ddfecaa74d90ea3d824541cd56bada89167064,0.0,0.0013909803248484422,-0.0013909803248484422,False,15a813da95bb928ebcad749613c5244fae1f40eb0831119be5fd9bf87ecb0e15,True,SearchSignal_CNY_per_MWh = settlement_price + 200*carbon + 5*purchase - 5*curtailment,ElectricityPrice_CNY_per_MWh unchanged in formal variant,bfb3ea477abdff79335c7bd46cbb45656b7888a9943803711ca0eac87e7888cd
price_spread,price_scale,21,balanced,3,1.0,,1,600,600,600,129,True,15a813da95bb928ebcad749613c5244fae1f40eb0831119be5fd9bf87ecb0e15,8b9bd596c79132cfaafbc67dbedcaa641c793f5b18a100af9dc802c5169c622f,628ed77f3f18df4f0b5e5f158d4410db09846dbc4313341b5516739b988c58ec,0.0,0.0005003319393223619,-0.0005003319393223619,False,15a813da95bb928ebcad749613c5244fae1f40eb0831119be5fd9bf87ecb0e15,True,SearchSignal_CNY_per_MWh = settlement_price + 200*carbon + 5*purchase - 5*curtailment,ElectricityPrice_CNY_per_MWh unchanged in formal variant,bfb3ea477abdff79335c7bd46cbb45656b7888a9943803711ca0eac87e7888cd
price_spread,price_scale,21,balanced,3,1.0,,2,600,600,600,98,True,15a813da95bb928ebcad749613c5244fae1f40eb0831119be5fd9bf87ecb0e15,aaf7c6d4f737732e6b7864e35116a9e11b53e6c9b8f9c5692462b8ba2b980922,12e74d7168d830a1474f2bad4e4b507382483f249a288302db295ee09c5cab74,0.0,-0.00022432980522628897,0.00022432980522628897,True,aaf7c6d4f737732e6b7864e35116a9e11b53e6c9b8f9c5692462b8ba2b980922,True,SearchSignal_CNY_per_MWh = settlement_price + 200*carbon + 5*purchase - 5*curtailment,ElectricityPrice_CNY_per_MWh unchanged in formal variant,bfb3ea477abdff79335c7bd46cbb45656b7888a9943803711ca0eac87e7888cd
price_spread,price_scale,21,balanced,3,1.0,,3,600,600,600,118,True,aaf7c6d4f737732e6b7864e35116a9e11b53e6c9b8f9c5692462b8ba2b980922,1dd03b49019e65310467401a99f6a2c68e268a57f357fc4ee516cc8dede246e0,0a4447768c0963e673fa99e6619f8205f21e95309c0ee5048108f9e07ea9bf1f,-0.00022432980522628897,0.0014950988450710533,-0.0017194286502973423,False,aaf7c6d4f737732e6b7864e35116a9e11b53e6c9b8f9c5692462b8ba2b980922,True,SearchSignal_CNY_per_MWh = settlement_price + 200*carbon + 5*purchase - 5*curtailment,ElectricityPrice_CNY_per_MWh unchanged in formal variant,bfb3ea477abdff79335c7bd46cbb45656b7888a9943803711ca0eac87e7888cd
price_spread,price_scale,21,balanced,3,1.0,,4,600,600,600,94,True,aaf7c6d4f737732e6b7864e35116a9e11b53e6c9b8f9c5692462b8ba2b980922,3014b7a597cb16cda9b7d77f0249194d66b694c2724412ff172addedb1bb5053,94fecc0d6c0f1419d45ce8595c3ddc7d5ae505658912abddbad2a9b75fe99cb5,-0.00022432980522628897,0.0007028098037836029,-0.0009271396090098919,False,aaf7c6d4f737732e6b7864e35116a9e11b53e6c9b8f9c5692462b8ba2b980922,True,SearchSignal_CNY_per_MWh = settlement_price + 200*carbon + 5*purchase - 5*curtailment,ElectricityPrice_CNY_per_MWh unchanged in formal variant,bfb3ea477abdff79335c7bd46cbb45656b7888a9943803711ca0eac87e7888cd
price_spread,price_scale,21,balanced,3,1.25,,1,600,600,600,131,True,15a813da95bb928ebcad749613c5244fae1f40eb0831119be5fd9bf87ecb0e15,683f27f6c5506b492a13d4b1ed6b7caaef7378477ea42462e8eb90a86505f006,9b9f7008b693651d7517d8961b28ad7c45ec46dbd524d291ab62a4c8d69f33ba,0.0,0.0011226258496385801,-0.0011226258496385801,False,15a813da95bb928ebcad749613c5244fae1f40eb0831119be5fd9bf87ecb0e15,True,SearchSignal_CNY_per_MWh = settlement_price + 200*carbon + 5*purchase - 5*curtailment,ElectricityPrice_CNY_per_MWh unchanged in formal variant,bfb3ea477abdff79335c7bd46cbb45656b7888a9943803711ca0eac87e7888cd
price_spread,price_scale,21,balanced,3,1.25,,2,600,600,600,112,True,15a813da95bb928ebcad749613c5244fae1f40eb0831119be5fd9bf87ecb0e15,9964e43eee1d5d3bd07c83194b66959725d7dedfdcfaa66a9374e2c0e1aa335d,d72af712bb0ff00c5d0bfe3538900faa9e61f72d5ba595f77e5299868fdfd419,0.0,0.0007160218690834498,-0.0007160218690834498,False,15a813da95bb928ebcad749613c5244fae1f40eb0831119be5fd9bf87ecb0e15,True,SearchSignal_CNY_per_MWh = settlement_price + 200*carbon + 5*purchase - 5*curtailment,ElectricityPrice_CNY_per_MWh unchanged in formal variant,bfb3ea477abdff79335c7bd46cbb45656b7888a9943803711ca0eac87e7888cd
sell_mechanism,sell_scale,21,balanced,3,0.0,,1,600,600,600,106,True,15a813da95bb928ebcad749613c5244fae1f40eb0831119be5fd9bf87ecb0e15,0360f7c6a8acd079bf26160f60349b124ddc0b1c1aeb5414fedb458819cfe9f2,b641b0099fcb1c1e1feb7b64849aea7a3be2bcb38f659ab3668087abb8790dc8,0.1422407973404588,0.14186771757069563,0.00037307976976316826,True,0360f7c6a8acd079bf26160f60349b124ddc0b1c1aeb5414fedb458819cfe9f2,True,SearchSignal_CNY_per_MWh = settlement_price + 200*carbon + 5*purchase - 5*curtailment,ElectricityPrice_CNY_per_MWh unchanged in formal variant,bfb3ea477abdff79335c7bd46cbb45656b7888a9943803711ca0eac87e7888cd
sell_mechanism,sell_scale,21,renewable_max,3,0.0,,2,600,600,600,95,True,0360f7c6a8acd079bf26160f60349b124ddc0b1c1aeb5414fedb458819cfe9f2,3cc5856d267827570f0a84887c1a746530cce17d976987e4ba042d332ecfa1e1,9fb79eb304f92534fe384f264312ca39209be2293a447f3fba5bc6877d83f67a,0.14186771757069563,0.1432487549278467,-0.0013810373571510604,False,0360f7c6a8acd079bf26160f60349b124ddc0b1c1aeb5414fedb458819cfe9f2,True,SearchSignal_CNY_per_MWh = settlement_price + 200*carbon + 5*purchase - 5*curtailment,ElectricityPrice_CNY_per_MWh unchanged in formal variant,bfb3ea477abdff79335c7bd46cbb45656b7888a9943803711ca0eac87e7888cd
sell_mechanism,sell_scale,21,balanced,3,0.0,,3,600,600,600,102,True,0360f7c6a8acd079bf26160f60349b124ddc0b1c1aeb5414fedb458819cfe9f2,3221b05ebd22c5743768cb6344b301f54a84645625a1e60eda3d7daa539f76d6,0365149dc18926b1d076993942b86a4dc4fa54b8fea26f52a4775415c667c94d,0.14186771757069563,0.14362657549669097,-0.0017588579259953385,False,0360f7c6a8acd079bf26160f60349b124ddc0b1c1aeb5414fedb458819cfe9f2,True,SearchSignal_CNY_per_MWh = settlement_price + 200*carbon + 5*purchase - 5*curtailment,ElectricityPrice_CNY_per_MWh unchanged in formal variant,bfb3ea477abdff79335c7bd46cbb45656b7888a9943803711ca0eac87e7888cd
sell_mechanism,sell_scale,21,balanced,3,0.5,,1,600,600,600,100,True,15a813da95bb928ebcad749613c5244fae1f40eb0831119be5fd9bf87ecb0e15,849823740a9fbb7373fad56254a1e8286fdea769bcac9e0f047aad57e8d7b51a,5d0698783303508ac0726910f28d216a5018255f44fbb5f9925868a42df8aa86,0.07152068476478031,0.07279094797541552,-0.0012702632106352113,False,15a813da95bb928ebcad749613c5244fae1f40eb0831119be5fd9bf87ecb0e15,True,SearchSignal_CNY_per_MWh = settlement_price + 200*carbon + 5*purchase - 5*curtailment,ElectricityPrice_CNY_per_MWh unchanged in formal variant,bfb3ea477abdff79335c7bd46cbb45656b7888a9943803711ca0eac87e7888cd
sell_mechanism,sell_scale,21,balanced,3,0.5,,2,600,600,600,110,True,15a813da95bb928ebcad749613c5244fae1f40eb0831119be5fd9bf87ecb0e15,e4b07a6993e0ec6a07f132c9dd046a55d2fffff032c670b6d54ecdb04835634d,84c196fec819ac7dd52f03a7d3c32f95e73b5b1ceaa3aee2ae8fc6cc84d7d5bc,0.07152068476478031,0.07271422414302912,-0.0011935393782488146,False,15a813da95bb928ebcad749613c5244fae1f40eb0831119be5fd9bf87ecb0e15,True,SearchSignal_CNY_per_MWh = settlement_price + 200*carbon + 5*purchase - 5*curtailment,ElectricityPrice_CNY_per_MWh unchanged in formal variant,bfb3ea477abdff79335c7bd46cbb45656b7888a9943803711ca0eac87e7888cd
sell_mechanism,sell_scale,21,balanced,3,1.0,,1,600,600,600,101,True,15a813da95bb928ebcad749613c5244fae1f40eb0831119be5fd9bf87ecb0e15,81c812bc53d78696cf7980852de19d12a1fd76f32142f24367c4765be13598ec,2545b30a1feedcb40e1b7306bf2203e846ff73ebf161b0503d5b8aa74e2bd7f2,0.0,0.0011197882741244142,-0.0011197882741244142,False,15a813da95bb928ebcad749613c5244fae1f40eb0831119be5fd9bf87ecb0e15,True,SearchSignal_CNY_per_MWh = settlement_price + 200*carbon + 5*purchase - 5*curtailment,ElectricityPrice_CNY_per_MWh unchanged in formal variant,bfb3ea477abdff79335c7bd46cbb45656b7888a9943803711ca0eac87e7888cd
sell_mechanism,sell_scale,21,balanced,3,1.0,,2,600,600,600,99,True,15a813da95bb928ebcad749613c5244fae1f40eb0831119be5fd9bf87ecb0e15,27e49ca70153d2c3303c0c736addc02722d9d6af75fb0fc50d3dd7d45fb45bac,8065f86c4a628630c015189e2196fd896f2216e3da65b8a52129a4b476158d02,0.0,0.0008472650836904167,-0.0008472650836904167,False,15a813da95bb928ebcad749613c5244fae1f40eb0831119be5fd9bf87ecb0e15,True,SearchSignal_CNY_per_MWh = settlement_price + 200*carbon + 5*purchase - 5*curtailment,ElectricityPrice_CNY_per_MWh unchanged in formal variant,bfb3ea477abdff79335c7bd46cbb45656b7888a9943803711ca0eac87e7888cd
renewable_level,renewable_scale,21,renewable_max,3,0.8,,1,600,600,600,157,True,15a813da95bb928ebcad749613c5244fae1f40eb0831119be5fd9bf87ecb0e15,52bd1471905dde0e3c26d32658b33bdd17687a1f26b7a353e42a966344a0b298,95110899882b92aed2e97603f9f2f220977993c1b9498797280513e44820da0f,1096.5485823212655,1085.1487344394502,11.399847881815276,True,52bd1471905dde0e3c26d32658b33bdd17687a1f26b7a353e42a966344a0b298,True,SearchSignal_CNY_per_MWh = settlement_price + 200*carbon + 5*purchase - 5*curtailment,ElectricityPrice_CNY_per_MWh unchanged in formal variant,bfb3ea477abdff79335c7bd46cbb45656b7888a9943803711ca0eac87e7888cd
renewable_level,renewable_scale,21,renewable_max,3,0.8,,2,600,600,600,143,True,52bd1471905dde0e3c26d32658b33bdd17687a1f26b7a353e42a966344a0b298,0c419706203f8e354e5b2ab27327bf973300b97f3e6368c8eb5713e9d1b70c1a,f4ebd8a9c2b5e0f61afb436f7b0e459f02f9946d5b6b703f17613010c57ba317,1085.1487344394502,1066.981724011414,18.167010428036292,True,0c419706203f8e354e5b2ab27327bf973300b97f3e6368c8eb5713e9d1b70c1a,True,SearchSignal_CNY_per_MWh = settlement_price + 200*carbon + 5*purchase - 5*curtailment,ElectricityPrice_CNY_per_MWh unchanged in formal variant,bfb3ea477abdff79335c7bd46cbb45656b7888a9943803711ca0eac87e7888cd
renewable_level,renewable_scale,21,renewable_max,3,0.8,,3,600,600,600,141,True,0c419706203f8e354e5b2ab27327bf973300b97f3e6368c8eb5713e9d1b70c1a,0225153462afa5c598a73e94d858862757470da390d34ca8c2e42cf73395b9c4,93caf2cf848fc7420cc96be6246c3caf7d2c6f96be8c253940117d0c7aa21473,1066.981724011414,1051.717971543973,15.263752467441009,True,0225153462afa5c598a73e94d858862757470da390d34ca8c2e42cf73395b9c4,True,SearchSignal_CNY_per_MWh = settlement_price + 200*carbon + 5*purchase - 5*curtailment,ElectricityPrice_CNY_per_MWh unchanged in formal variant,bfb3ea477abdff79335c7bd46cbb45656b7888a9943803711ca0eac87e7888cd
renewable_level,renewable_scale,21,renewable_max,3,0.8,,4,600,600,600,134,True,0225153462afa5c598a73e94d858862757470da390d34ca8c2e42cf73395b9c4,a9e1d64d230fec3916b6a3a3b2ee2db163ab072861deef7a76a9374ff73960fa,f5baba40b68ca616ea5ec795139e5d010cbaf6455f045b1b0b4ea3979b8c9924,1051.717971543973,1038.0612922503635,13.656679293609386,True,a9e1d64d230fec3916b6a3a3b2ee2db163ab072861deef7a76a9374ff73960fa,True,SearchSignal_CNY_per_MWh = settlement_price + 200*carbon + 5*purchase - 5*curtailment,ElectricityPrice_CNY_per_MWh unchanged in formal variant,bfb3ea477abdff79335c7bd46cbb45656b7888a9943803711ca0eac87e7888cd
renewable_level,renewable_scale,21,renewable_max,3,0.8,,5,600,600,600,116,True,a9e1d64d230fec3916b6a3a3b2ee2db163ab072861deef7a76a9374ff73960fa,849da7ba937b15d123cf7762861474ddea0c665cfb4ad59a1e214af0078af2ca,7858344ee29a39f65e0ea9d9c792dd8f5b4ed27a87a776034632c642e5c2eacd,1038.0612922503635,1017.9000504787072,20.161241771656364,True,849da7ba937b15d123cf7762861474ddea0c665cfb4ad59a1e214af0078af2ca,True,SearchSignal_CNY_per_MWh = settlement_price + 200*carbon + 5*purchase - 5*curtailment,ElectricityPrice_CNY_per_MWh unchanged in formal variant,bfb3ea477abdff79335c7bd46cbb45656b7888a9943803711ca0eac87e7888cd
renewable_level,renewable_scale,21,renewable_max,3,0.8,,6,600,600,600,137,True,849da7ba937b15d123cf7762861474ddea0c665cfb4ad59a1e214af0078af2ca,3329d396c01fa0c4a2c1878ae4f26472a1ad3609b5c2eb23a07d29cdc1a75803,962ad3deea8f4f258857a8142b8e7d466fa9b31f9c43a79914d62c9fae142b80,1017.9000504787072,996.197859097696,21.702191381011176,True,3329d396c01fa0c4a2c1878ae4f26472a1ad3609b5c2eb23a07d29cdc1a75803,True,SearchSignal_CNY_per_MWh = settlement_price + 200*carbon + 5*purchase - 5*curtailment,ElectricityPrice_CNY_per_MWh unchanged in formal variant,bfb3ea477abdff79335c7bd46cbb45656b7888a9943803711ca0eac87e7888cd
renewable_level,renewable_scale,21,renewable_max,3,0.8,,7,600,600,600,136,True,3329d396c01fa0c4a2c1878ae4f26472a1ad3609b5c2eb23a07d29cdc1a75803,0efe6f2584f08da0377105babbc714d43a787b6ca5daccc0c0a4a5908885fee0,0b236173306fd678b2d822849a747fda44553d6f5ce91ce7e91d58ecc9ed6c00,996.197859097696,978.3657981888866,17.832060908809353,True,0efe6f2584f08da0377105babbc714d43a787b6ca5daccc0c0a4a5908885fee0,True,SearchSignal_CNY_per_MWh = settlement_price + 200*carbon + 5*purchase - 5*curtailment,ElectricityPrice_CNY_per_MWh unchanged in formal variant,bfb3ea477abdff79335c7bd46cbb45656b7888a9943803711ca0eac87e7888cd
renewable_level,renewable_scale,21,renewable_max,3,0.8,,8,600,600,600,123,True,0efe6f2584f08da0377105babbc714d43a787b6ca5daccc0c0a4a5908885fee0,96202fb64f8891deb0dfd31af4e9a58994b77f1d252fa8a9ce51720ef703884a,0a7996f66ad5ae081f9fde2516a348d2b653cece74f63d929bb90a4e0b406697,978.3657981888866,954.9388577521846,23.42694043670201,True,96202fb64f8891deb0dfd31af4e9a58994b77f1d252fa8a9ce51720ef703884a,True,SearchSignal_CNY_per_MWh = settlement_price + 200*carbon + 5*purchase - 5*curtailment,ElectricityPrice_CNY_per_MWh unchanged in formal variant,bfb3ea477abdff79335c7bd46cbb45656b7888a9943803711ca0eac87e7888cd
renewable_level,renewable_scale,21,balanced,3,1.0,,1,600,600,600,108,True,15a813da95bb928ebcad749613c5244fae1f40eb0831119be5fd9bf87ecb0e15,6a32ceed0bd9b221e24d77829818b53d5689adb133d1ec6f32ef59cfb763c966,d8b3e837b549d65a44805498c13ba0765eaa2d25883c06b5ce6e7ea443508071,0.0,0.002935462124991216,-0.002935462124991216,False,15a813da95bb928ebcad749613c5244fae1f40eb0831119be5fd9bf87ecb0e15,True,SearchSignal_CNY_per_MWh = settlement_price + 200*carbon + 5*purchase - 5*curtailment,ElectricityPrice_CNY_per_MWh unchanged in formal variant,bfb3ea477abdff79335c7bd46cbb45656b7888a9943803711ca0eac87e7888cd
renewable_level,renewable_scale,21,balanced,3,1.0,,2,600,600,600,102,True,15a813da95bb928ebcad749613c5244fae1f40eb0831119be5fd9bf87ecb0e15,1e110fe3023040618e648fde0d37bae423d2c49840367bb534493f9cc1eed63c,d3d289a57a3260d2d8392c1245129f082a31c6950fd0ddefafe22c4f41a6f126,0.0,0.001383432229229001,-0.001383432229229001,False,15a813da95bb928ebcad749613c5244fae1f40eb0831119be5fd9bf87ecb0e15,True,SearchSignal_CNY_per_MWh = settlement_price + 200*carbon + 5*purchase - 5*curtailment,ElectricityPrice_CNY_per_MWh unchanged in formal variant,bfb3ea477abdff79335c7bd46cbb45656b7888a9943803711ca0eac87e7888cd
renewable_level,renewable_scale,21,balanced,3,1.2,,1,600,600,600,112,True,15a813da95bb928ebcad749613c5244fae1f40eb0831119be5fd9bf87ecb0e15,f1cebcde9cc86ff3c622e99fa9b4094d3d80d74c4a7510607345ad2c1421b782,2526b04279ddbc1dd4c421e728ae7c5da17ba8366fe9ba0e6b71119af229a803,-0.1193032635542217,-0.11885991831425523,-0.000443345239966475,False,15a813da95bb928ebcad749613c5244fae1f40eb0831119be5fd9bf87ecb0e15,True,SearchSignal_CNY_per_MWh = settlement_price + 200*carbon + 5*purchase - 5*curtailment,ElectricityPrice_CNY_per_MWh unchanged in formal variant,bfb3ea477abdff79335c7bd46cbb45656b7888a9943803711ca0eac87e7888cd
renewable_level,renewable_scale,21,balanced,3,1.2,,2,600,600,600,88,True,15a813da95bb928ebcad749613c5244fae1f40eb0831119be5fd9bf87ecb0e15,193a7c52438d75d16786043675ac77fa4f273d6187ecbc87e608d56d9fe0a010,fce14caa0de3d904892d8cfe24d9a0cedbf1964634d220ce850efd48e2a4176f,-0.1193032635542217,-0.11895973464832692,-0.00034352890589478546,False,15a813da95bb928ebcad749613c5244fae1f40eb0831119be5fd9bf87ecb0e15,True,SearchSignal_CNY_per_MWh = settlement_price + 200*carbon + 5*purchase - 5*curtailment,ElectricityPrice_CNY_per_MWh unchanged in formal variant,bfb3ea477abdff79335c7bd46cbb45656b7888a9943803711ca0eac87e7888cd
renewable_volatility,seed,21,balanced,3,2026.0,2026.0,1,600,600,600,124,True,15a813da95bb928ebcad749613c5244fae1f40eb0831119be5fd9bf87ecb0e15,7be1ccf6231b1c2344b2d32d59f72b1dfdaf4c2957d9245bbffdb150c913a959,9b157f34d6abcb8214adf006ce18e3cd90a345cd2f58be22edc730ed3c248bc4,307.2533566245578,301.32779174438383,5.925564880173965,True,7be1ccf6231b1c2344b2d32d59f72b1dfdaf4c2957d9245bbffdb150c913a959,True,SearchSignal_CNY_per_MWh = settlement_price + 200*carbon + 5*purchase - 5*curtailment,ElectricityPrice_CNY_per_MWh unchanged in formal variant,bfb3ea477abdff79335c7bd46cbb45656b7888a9943803711ca0eac87e7888cd
renewable_volatility,seed,21,balanced,3,2026.0,2026.0,2,600,600,600,125,True,7be1ccf6231b1c2344b2d32d59f72b1dfdaf4c2957d9245bbffdb150c913a959,188c9fcb08e733e351dd5eb926af1595311a7faf0e6d4eab4aaa902ee666b1d6,bc73f27983995cc017de07cb1ac2e2e80d5e956425ae05fd77c1367ceb08c774,301.32779174438383,298.7051870297706,2.622604714613203,True,188c9fcb08e733e351dd5eb926af1595311a7faf0e6d4eab4aaa902ee666b1d6,True,SearchSignal_CNY_per_MWh = settlement_price + 200*carbon + 5*purchase - 5*curtailment,ElectricityPrice_CNY_per_MWh unchanged in formal variant,bfb3ea477abdff79335c7bd46cbb45656b7888a9943803711ca0eac87e7888cd
renewable_volatility,seed,21,balanced,3,2026.0,2026.0,3,600,600,600,115,True,188c9fcb08e733e351dd5eb926af1595311a7faf0e6d4eab4aaa902ee666b1d6,b57a17e7e146986dea626b9ac51b6794fda815378b1c5c8223df2998f539a727,a086daad460cb42f462ffd85572a31df515dbb87bd3dbbb0c4dadf234574ec06,298.7051870297706,299.1941315101482,-0.4889444803775973,False,188c9fcb08e733e351dd5eb926af1595311a7faf0e6d4eab4aaa902ee666b1d6,True,SearchSignal_CNY_per_MWh = settlement_price + 200*carbon + 5*purchase - 5*curtailment,ElectricityPrice_CNY_per_MWh unchanged in formal variant,bfb3ea477abdff79335c7bd46cbb45656b7888a9943803711ca0eac87e7888cd
renewable_volatility,seed,21,balanced,3,2026.0,2026.0,4,600,600,600,113,True,188c9fcb08e733e351dd5eb926af1595311a7faf0e6d4eab4aaa902ee666b1d6,9a5d7387c12136cc36bea3fe77bf9dd1eaf6ffb05ee572f0324855b35f372ded,e71ee197fa8bd71c075c02ac6b9b2e7343ddff7afec459718374b57ef42bc3ff,298.7051870297706,293.0101069261447,5.695080103625912,True,9a5d7387c12136cc36bea3fe77bf9dd1eaf6ffb05ee572f0324855b35f372ded,True,SearchSignal_CNY_per_MWh = settlement_price + 200*carbon + 5*purchase - 5*curtailment,ElectricityPrice_CNY_per_MWh unchanged in formal variant,bfb3ea477abdff79335c7bd46cbb45656b7888a9943803711ca0eac87e7888cd
renewable_volatility,seed,21,balanced,3,2026.0,2026.0,5,600,600,600,105,True,9a5d7387c12136cc36bea3fe77bf9dd1eaf6ffb05ee572f0324855b35f372ded,3968d5493505abd946b91600f144e84dafd92611f7d3de487e350ca7fbfae07e,0389cc136b9624e8624487f4b8f6df5c8d3a992cc106e377166de9bd2a05f4fc,293.0101069261447,291.1885040145297,1.8216029116150025,True,3968d5493505abd946b91600f144e84dafd92611f7d3de487e350ca7fbfae07e,True,SearchSignal_CNY_per_MWh = settlement_price + 200*carbon + 5*purchase - 5*curtailment,ElectricityPrice_CNY_per_MWh unchanged in formal variant,bfb3ea477abdff79335c7bd46cbb45656b7888a9943803711ca0eac87e7888cd
renewable_volatility,seed,21,balanced,3,2026.0,2026.0,6,600,600,600,101,True,3968d5493505abd946b91600f144e84dafd92611f7d3de487e350ca7fbfae07e,92109b355bbe3be1494fe2838f05e8722aeba7b256bc372354e3c22ee415694b,006b20390d1df7ff5684983367be8869fd72683867231862116fe1aa72880e1d,291.1885040145297,287.5006154462083,3.687888568321398,True,92109b355bbe3be1494fe2838f05e8722aeba7b256bc372354e3c22ee415694b,True,SearchSignal_CNY_per_MWh = settlement_price + 200*carbon + 5*purchase - 5*curtailment,ElectricityPrice_CNY_per_MWh unchanged in formal variant,bfb3ea477abdff79335c7bd46cbb45656b7888a9943803711ca0eac87e7888cd
renewable_volatility,seed,21,balanced,3,2026.0,2026.0,7,600,600,600,101,True,92109b355bbe3be1494fe2838f05e8722aeba7b256bc372354e3c22ee415694b,a758b6eff45c608252597af2432a8a33c2eee2d4e62d216dc75528cdf1359d5d,b6be4086d3952f6b026d0e8d3561d99665facca51f8ed0734ff0460ee6bfe5ce,287.5006154462083,284.4692340271059,3.031381419102388,True,a758b6eff45c608252597af2432a8a33c2eee2d4e62d216dc75528cdf1359d5d,True,SearchSignal_CNY_per_MWh = settlement_price + 200*carbon + 5*purchase - 5*curtailment,ElectricityPrice_CNY_per_MWh unchanged in formal variant,bfb3ea477abdff79335c7bd46cbb45656b7888a9943803711ca0eac87e7888cd
renewable_volatility,seed,21,balanced,3,2026.0,2026.0,8,600,600,600,93,True,a758b6eff45c608252597af2432a8a33c2eee2d4e62d216dc75528cdf1359d5d,4526789020a46f9c25dd597ea39e5c6434e38963c6dbf00ceb6e7c20ce80412a,4e009bb7bae5bdbbb893ff470bdcb436b650c37d54220f9b0ce45648d0424489,284.4692340271059,284.3658655147775,0.10336851232841582,True,4526789020a46f9c25dd597ea39e5c6434e38963c6dbf00ceb6e7c20ce80412a,True,SearchSignal_CNY_per_MWh = settlement_price + 200*carbon + 5*purchase - 5*curtailment,ElectricityPrice_CNY_per_MWh unchanged in formal variant,bfb3ea477abdff79335c7bd46cbb45656b7888a9943803711ca0eac87e7888cd
renewable_volatility,seed,21,balanced,3,2027.0,2027.0,1,600,600,600,101,True,15a813da95bb928ebcad749613c5244fae1f40eb0831119be5fd9bf87ecb0e15,d0048ac39bff613f442d187ce36a6d12d3e0edd850d8a3679c2ff34e6c0658ab,41c146fb7bd08f8ba5bb23dd12167d072a896a12a6cd44974696710d38de2799,318.575083831478,313.24814882674906,5.326935004728966,True,d0048ac39bff613f442d187ce36a6d12d3e0edd850d8a3679c2ff34e6c0658ab,True,SearchSignal_CNY_per_MWh = settlement_price + 200*carbon + 5*purchase - 5*curtailment,ElectricityPrice_CNY_per_MWh unchanged in formal variant,bfb3ea477abdff79335c7bd46cbb45656b7888a9943803711ca0eac87e7888cd
renewable_volatility,seed,21,balanced,3,2027.0,2027.0,2,600,600,600,118,True,d0048ac39bff613f442d187ce36a6d12d3e0edd850d8a3679c2ff34e6c0658ab,b4ac50d7195160836e9d4a2aef0342ce5a5f99bc9ec8f9b9952e79134cab6573,7fb1b9e12ecc463f067e90affd6da98234b3ef31cebd13ad8ed8b287d9abf5c7,313.24814882674906,312.23903114809497,1.0091176786540927,True,b4ac50d7195160836e9d4a2aef0342ce5a5f99bc9ec8f9b9952e79134cab6573,True,SearchSignal_CNY_per_MWh = settlement_price + 200*carbon + 5*purchase - 5*curtailment,ElectricityPrice_CNY_per_MWh unchanged in formal variant,bfb3ea477abdff79335c7bd46cbb45656b7888a9943803711ca0eac87e7888cd
renewable_volatility,seed,21,balanced,3,2027.0,2027.0,3,600,600,600,104,True,b4ac50d7195160836e9d4a2aef0342ce5a5f99bc9ec8f9b9952e79134cab6573,936d963157f9af4a7b3901ab37f01c9642579d68550e3ce2f25cb856c8643683,8432244cd58a1dfd1820904babd34a262e346eab99570cb0badf7a5897db07de,312.23903114809497,313.0700346188964,-0.83100347080142,False,b4ac50d7195160836e9d4a2aef0342ce5a5f99bc9ec8f9b9952e79134cab6573,True,SearchSignal_CNY_per_MWh = settlement_price + 200*carbon + 5*purchase - 5*curtailment,ElectricityPrice_CNY_per_MWh unchanged in formal variant,bfb3ea477abdff79335c7bd46cbb45656b7888a9943803711ca0eac87e7888cd
renewable_volatility,seed,21,balanced,3,2027.0,2027.0,4,600,600,600,117,True,b4ac50d7195160836e9d4a2aef0342ce5a5f99bc9ec8f9b9952e79134cab6573,06f850e6530e02c43d59a12ae2e75e0f057e1449b355be241e510970a79526b3,d711752b90297fabd4d7477d8ff45f23a8333601c4b19889ae33892a1066a0e9,312.23903114809497,309.3462575660598,2.8927735820351472,True,06f850e6530e02c43d59a12ae2e75e0f057e1449b355be241e510970a79526b3,True,SearchSignal_CNY_per_MWh = settlement_price + 200*carbon + 5*purchase - 5*curtailment,ElectricityPrice_CNY_per_MWh unchanged in formal variant,bfb3ea477abdff79335c7bd46cbb45656b7888a9943803711ca0eac87e7888cd
renewable_volatility,seed,21,balanced,3,2027.0,2027.0,5,600,600,600,106,True,06f850e6530e02c43d59a12ae2e75e0f057e1449b355be241e510970a79526b3,c2f526b2d8752f035432fa4064bba9efbc8b2bef2b8c99d58eadcf9a8b4ba566,67728df299831d63345cf561edf1e6f8343b4c8c8c172e3acb2980173742142e,309.3462575660598,307.0981464098728,2.248111156187008,True,c2f526b2d8752f035432fa4064bba9efbc8b2bef2b8c99d58eadcf9a8b4ba566,True,SearchSignal_CNY_per_MWh = settlement_price + 200*carbon + 5*purchase - 5*curtailment,ElectricityPrice_CNY_per_MWh unchanged in formal variant,bfb3ea477abdff79335c7bd46cbb45656b7888a9943803711ca0eac87e7888cd
renewable_volatility,seed,21,balanced,3,2027.0,2027.0,6,600,600,600,118,True,c2f526b2d8752f035432fa4064bba9efbc8b2bef2b8c99d58eadcf9a8b4ba566,b87dde4bfcdc0ad680d7dd06d91899670d4876274693af83f64cc71bb818b9c0,7980730e8cc67403532d409b4178fe4da61760e2aa5ddb59d8a4783682bcafb8,307.0981464098728,304.094407153138,3.003739256734832,True,b87dde4bfcdc0ad680d7dd06d91899670d4876274693af83f64cc71bb818b9c0,True,SearchSignal_CNY_per_MWh = settlement_price + 200*carbon + 5*purchase - 5*curtailment,ElectricityPrice_CNY_per_MWh unchanged in formal variant,bfb3ea477abdff79335c7bd46cbb45656b7888a9943803711ca0eac87e7888cd
renewable_volatility,seed,21,balanced,3,2027.0,2027.0,7,600,600,600,107,True,b87dde4bfcdc0ad680d7dd06d91899670d4876274693af83f64cc71bb818b9c0,80913bb846cc5d0a514f395fc326af9ef05d638da9cd01a85c43daf3e0c7c09b,10ade71d91c1a5c1531a179c1c0b6a0b1a7f59861b86bb1dfb01c897060ba14f,304.094407153138,300.28541201203177,3.808995141106209,True,80913bb846cc5d0a514f395fc326af9ef05d638da9cd01a85c43daf3e0c7c09b,True,SearchSignal_CNY_per_MWh = settlement_price + 200*carbon + 5*purchase - 5*curtailment,ElectricityPrice_CNY_per_MWh unchanged in formal variant,bfb3ea477abdff79335c7bd46cbb45656b7888a9943803711ca0eac87e7888cd
renewable_volatility,seed,21,balanced,3,2027.0,2027.0,8,600,600,600,113,True,80913bb846cc5d0a514f395fc326af9ef05d638da9cd01a85c43daf3e0c7c09b,ad394dff499c6122cdc42e0c472bb3e012d57ffeb5b3e185c281f2c0385cb6bd,f64e29d07ce9f218f7e281e287f3fdbb8538d9ef76adb46b5b9fb515469f0e1b,300.28541201203177,291.0850427155835,9.200369296448287,True,ad394dff499c6122cdc42e0c472bb3e012d57ffeb5b3e185c281f2c0385cb6bd,True,SearchSignal_CNY_per_MWh = settlement_price + 200*carbon + 5*purchase - 5*curtailment,ElectricityPrice_CNY_per_MWh unchanged in formal variant,bfb3ea477abdff79335c7bd46cbb45656b7888a9943803711ca0eac87e7888cd
renewable_volatility,seed,21,balanced,3,2028.0,2028.0,1,600,600,600,131,True,15a813da95bb928ebcad749613c5244fae1f40eb0831119be5fd9bf87ecb0e15,eb0a1d2b2ac0ff277067f4d297a4f0480575ee09b6b4c881aa5255db68209f04,8a009a462288eaf7db05fd2461f1050c319f9062d88476f9894971ee14a63755,269.9506401994761,269.1521779746486,0.7984622248274604,True,eb0a1d2b2ac0ff277067f4d297a4f0480575ee09b6b4c881aa5255db68209f04,True,SearchSignal_CNY_per_MWh = settlement_price + 200*carbon + 5*purchase - 5*curtailment,ElectricityPrice_CNY_per_MWh unchanged in formal variant,bfb3ea477abdff79335c7bd46cbb45656b7888a9943803711ca0eac87e7888cd
renewable_volatility,seed,21,balanced,3,2028.0,2028.0,2,600,600,600,106,True,eb0a1d2b2ac0ff277067f4d297a4f0480575ee09b6b4c881aa5255db68209f04,e5eb4866ebe3827a046100b61820f2d02e13e800c9f9cda26c62d5d767f89769,3c299220d27c2fcdcdbda514dc53d304dab61956a0a0842bd5f33a55ea19d6b3,269.1521779746486,265.9936310969773,3.158546877671313,True,e5eb4866ebe3827a046100b61820f2d02e13e800c9f9cda26c62d5d767f89769,True,SearchSignal_CNY_per_MWh = settlement_price + 200*carbon + 5*purchase - 5*curtailment,ElectricityPrice_CNY_per_MWh unchanged in formal variant,bfb3ea477abdff79335c7bd46cbb45656b7888a9943803711ca0eac87e7888cd
renewable_volatility,seed,21,balanced,3,2028.0,2028.0,3,600,600,600,106,True,e5eb4866ebe3827a046100b61820f2d02e13e800c9f9cda26c62d5d767f89769,99c07d5b673c082ddaafee67bc82225c020077f537788ec2ced3d041160fb9fb,f96e54521edba0f0ac48a57614069be66df3b40150d05cd4bbc1d6c26724ca03,265.9936310969773,256.42270815567844,9.570922941298875,True,99c07d5b673c082ddaafee67bc82225c020077f537788ec2ced3d041160fb9fb,True,SearchSignal_CNY_per_MWh = settlement_price + 200*carbon + 5*purchase - 5*curtailment,ElectricityPrice_CNY_per_MWh unchanged in formal variant,bfb3ea477abdff79335c7bd46cbb45656b7888a9943803711ca0eac87e7888cd
renewable_volatility,seed,21,balanced,3,2028.0,2028.0,4,600,600,600,115,True,99c07d5b673c082ddaafee67bc82225c020077f537788ec2ced3d041160fb9fb,8dc0428b2dfa96708e5ac817d03e442c48cd004aed932b6fa5e7029c002ae400,b5be1d62d66a83d268135ee447c0d81d392a8423ffe617467fc4494ed12ec315,256.42270815567844,250.90104504638285,5.521663109295588,True,8dc0428b2dfa96708e5ac817d03e442c48cd004aed932b6fa5e7029c002ae400,True,SearchSignal_CNY_per_MWh = settlement_price + 200*carbon + 5*purchase - 5*curtailment,ElectricityPrice_CNY_per_MWh unchanged in formal variant,bfb3ea477abdff79335c7bd46cbb45656b7888a9943803711ca0eac87e7888cd
renewable_volatility,seed,21,balanced,3,2028.0,2028.0,5,600,600,600,91,True,8dc0428b2dfa96708e5ac817d03e442c48cd004aed932b6fa5e7029c002ae400,26c13948705841845f72735e539a476153586a727bc5129600e2f8d1c48f75ff,6071e80a2c0d372007d3a8a6f35484c68d69f3ffc4aeef329b228e72332704ad,250.90104504638285,251.52653630286855,-0.6254912564857023,False,8dc0428b2dfa96708e5ac817d03e442c48cd004aed932b6fa5e7029c002ae400,True,SearchSignal_CNY_per_MWh = settlement_price + 200*carbon + 5*purchase - 5*curtailment,ElectricityPrice_CNY_per_MWh unchanged in formal variant,bfb3ea477abdff79335c7bd46cbb45656b7888a9943803711ca0eac87e7888cd
renewable_volatility,seed,21,balanced,3,2028.0,2028.0,6,600,600,600,115,True,8dc0428b2dfa96708e5ac817d03e442c48cd004aed932b6fa5e7029c002ae400,9ca2e37a9a60e697035c8210ba543036744ac651bcab627d425e88a032d11c18,9a3441a38f692bad6fd122aaf136ad6a43de6394fe60edaac1cb1d48b176a7e9,250.90104504638285,239.8370775110597,11.063967535323144,True,9ca2e37a9a60e697035c8210ba543036744ac651bcab627d425e88a032d11c18,True,SearchSignal_CNY_per_MWh = settlement_price + 200*carbon + 5*purchase - 5*curtailment,ElectricityPrice_CNY_per_MWh unchanged in formal variant,bfb3ea477abdff79335c7bd46cbb45656b7888a9943803711ca0eac87e7888cd
renewable_volatility,seed,21,balanced,3,2028.0,2028.0,7,600,600,600,119,True,9ca2e37a9a60e697035c8210ba543036744ac651bcab627d425e88a032d11c18,a5fe01a6bf1a9adad05f1a66684460d3b06a981e946416d8a7e9bfdb5c63c79f,210571d7ce78712b0f86617f7818f69b27c06ce43de7de1de3d21e83c83fa13a,239.8370775110597,234.60240040659946,5.234677104460246,True,a5fe01a6bf1a9adad05f1a66684460d3b06a981e946416d8a7e9bfdb5c63c79f,True,SearchSignal_CNY_per_MWh = settlement_price + 200*carbon + 5*purchase - 5*curtailment,ElectricityPrice_CNY_per_MWh unchanged in formal variant,bfb3ea477abdff79335c7bd46cbb45656b7888a9943803711ca0eac87e7888cd
renewable_volatility,seed,21,balanced,3,2028.0,2028.0,8,600,600,600,112,True,a5fe01a6bf1a9adad05f1a66684460d3b06a981e946416d8a7e9bfdb5c63c79f,18b2f9c6b976cd833b11573bccbd9e0daccad0a67d151de5fc63d7d3e7c6b37b,5f42828b763b6f4c4689fe54592c4fc80306850c5a011faac3b541e0fd81d8cb,234.60240040659946,227.75894887492873,6.843451531670723,True,18b2f9c6b976cd833b11573bccbd9e0daccad0a67d151de5fc63d7d3e7c6b37b,True,SearchSignal_CNY_per_MWh = settlement_price + 200*carbon + 5*purchase - 5*curtailment,ElectricityPrice_CNY_per_MWh unchanged in formal variant,bfb3ea477abdff79335c7bd46cbb45656b7888a9943803711ca0eac87e7888cd
