scenario_type,parameter,state_count,storage_policy,storage_policy_candidate_count,storage_policy_selection_rule,baseline_source,carbon_reference_mode,carbon_reference_tCO2,carbon_target_tCO2,level,seed,status,alternation_rounds,accepted_rounds,checked_candidates,common_start_count,fixed_candidate_set,dynamic_neighborhood_rebuilt_each_round,selected_candidate,storage_trajectory_sha256,migration_count,task_search_status,cost_CNY,carbon_tCO2,network_latency_ms,service_quality,realtime_sla_rate,on_time_rate,max_wait_h,p95_wait_h,mean_wait_h,renewable_utilization,peak_net_grid_purchase_MW,peak_grid_purchase_MW,net_grid_ramp_MW,ramp_MW,grid_purchase_ramp_MW,grid_sell_ramp_MW,grid_purchase_MWh,grid_sell_MWh,mechanism_active,active_constraint,constraints_satisfied,non_Pareto,result_level,termination_status,search_signal_field,settlement_price_field,settlement_price_sha256,degenerate_scenario,degeneracy_reason
baseline,baseline,21,balanced,3,q4_weighted_ideal_distance_over_cost_balanced_renewable_policies,normal_joint_baseline,normal_baseline,,,1.0,,completed,2,0,1200,1,False,True,15a813da95bb928ebcad749613c5244fae1f40eb0831119be5fd9bf87ecb0e15,7da4b3976663d40cdcacd923f71e28191017df58c1f9a1f26df7468da17c34e8,16924,searched_no_improvement,-454174024.61707526,0.0,16.998674454065213,0.007548541025855424,1.0,1.0,1926.0,12.0,8.28708,0.6931311766649338,0.0,0.0,22150.241246509893,22150.241246509893,0.0,22150.241246509893,0.0,1471148.3663985804,False,baseline_no_extra_constraint,1,True,scenario-feasible,no_improvement,SearchSignal_CNY_per_MWh,ElectricityPrice_CNY_per_MWh,bfb3ea477abdff79335c7bd46cbb45656b7888a9943803711ca0eac87e7888cd,False,none
carbon_constraint,carbon_reduction,21,balanced,6,nested_carbon_candidate_bank_current_input_recalculation,renewable_shortage_pressure_scale_0.8,renewable_shortage_pressure,7430.327517919494,7430.327517919494,0.0,,completed,8,8,4800,1,False,True,f47997c8ca9bba460384a6dbd96215400188a75c058c84b92651d176d0fca7de,6c185c2d9fb7481a5bd6ec2b245988d647057977a5da7e6228812990a2389a66,17498,alternating_improved,-408554274.83200914,6597.841341368284,17.474293282972564,0.006446873543667487,1.0,1.0,2283.0,12.0,10.14394,0.8493369711610099,102.32153045000214,102.32153045000214,132484.14478721732,132484.14478721732,10991.888128245286,121492.25665897202,10670.66685679261,1293269.2969924249,False,carbon_tCO2<=7430.32751792,1,True,scenario-feasible,max_iterations_reached,SearchSignal_CNY_per_MWh,ElectricityPrice_CNY_per_MWh,bfb3ea477abdff79335c7bd46cbb45656b7888a9943803711ca0eac87e7888cd,False,none
carbon_constraint,carbon_reduction,21,balanced,9,nested_carbon_candidate_bank_current_input_recalculation,renewable_shortage_pressure_scale_0.8,renewable_shortage_pressure,7430.327517919494,6687.294766127545,0.1,,completed,8,8,4800,1,False,True,959b54f601047846ef06aa652275035fd62daf5bfd748b13ccdc698bb605a5a1,1ce97335c8c7632e21e6c69fb59df314c96ade6175192e445a196e5926876c4f,17515,alternating_improved,-408952823.37762713,6489.852368807048,17.525687858760797,0.006430218468792148,1.0,1.0,2332.0,12.0,10.21338,0.8494202906903685,106.9032804499998,106.9032804499998,132850.2914720627,132850.2914720627,10624.12091233995,122226.17055972276,10474.291152859949,1293922.5111733126,True,carbon_tCO2<=6687.29476613,1,True,scenario-feasible,max_iterations_reached,SearchSignal_CNY_per_MWh,ElectricityPrice_CNY_per_MWh,bfb3ea477abdff79335c7bd46cbb45656b7888a9943803711ca0eac87e7888cd,False,none
carbon_constraint,carbon_reduction,21,balanced,3,q4_weighted_ideal_distance_over_cost_balanced_renewable_policies,renewable_shortage_pressure_scale_0.8,renewable_shortage_pressure,7430.327517919494,5944.262014335596,0.2,,target_not_found_within_declared_search,8,8,4800,1,False,True,49d43522b56a89e20309437b24f430d09967f275d5b07329dd4acfbfe45825fe,91aa1b24c336492a4632c99b70744cda11b2a01a175a72bec5136b52c0f7be62,17469,alternating_improved,-408834244.88329506,6520.108205776,17.466172696264632,0.006373946309776874,1.0,1.0,1926.0,12.0,10.08878,0.8493597368887943,112.12723998999878,112.12723998999878,132707.33893919986,132707.33893919986,10631.883758319897,122075.45518087997,10523.151086949983,1293383.236690912,True,carbon_tCO2<=5944.26201434,1,True,scenario-feasible,max_iterations_reached,SearchSignal_CNY_per_MWh,ElectricityPrice_CNY_per_MWh,bfb3ea477abdff79335c7bd46cbb45656b7888a9943803711ca0eac87e7888cd,False,none
carbon_constraint,carbon_reduction,21,balanced,3,q4_weighted_ideal_distance_over_cost_balanced_renewable_policies,renewable_shortage_pressure_scale_0.8,renewable_shortage_pressure,7430.327517919494,5201.229262543646,0.3,,target_not_found_within_declared_search,8,8,4800,1,False,True,bfd85388f88aec2855aabf63e29b2bfc26e38c4a4633fe4d3ea9c38172782837,8370ef0f3731743a24c6dfa3dff6aa690d092c3025a43ee24d64ef0ced7aa161,17502,alternating_improved,-408432279.5101832,6751.80311757186,17.534081384106077,0.006441139676816843,1.0,1.0,2306.0,12.0,10.0675,0.8493133222259772,112.30268953999814,112.30268953999814,133043.79724813864,133043.79724813864,11041.194826619952,122002.60242151868,10918.999675325014,1293376.026718944,True,carbon_tCO2<=5201.22926254,1,True,scenario-feasible,max_iterations_reached,SearchSignal_CNY_per_MWh,ElectricityPrice_CNY_per_MWh,bfb3ea477abdff79335c7bd46cbb45656b7888a9943803711ca0eac87e7888cd,False,none
price_spread,price_scale,21,balanced,3,q4_weighted_ideal_distance_over_cost_balanced_renewable_policies,normal_joint_baseline,normal_baseline,,,0.75,,completed,2,0,1200,1,False,True,15a813da95bb928ebcad749613c5244fae1f40eb0831119be5fd9bf87ecb0e15,7da4b3976663d40cdcacd923f71e28191017df58c1f9a1f26df7468da17c34e8,16924,searched_no_improvement,-454174024.61707526,0.0,16.998674454065213,0.007548541025855424,1.0,1.0,1926.0,12.0,8.28708,0.6931311766649338,0.0,0.0,22150.241246509893,22150.241246509893,0.0,22150.241246509893,0.0,1471148.3663985804,False,inactive_zero_purchase_or_reference_level,1,True,scenario-feasible,no_improvement,SearchSignal_CNY_per_MWh,ElectricityPrice_CNY_per_MWh,bfb3ea477abdff79335c7bd46cbb45656b7888a9943803711ca0eac87e7888cd,False,none
price_spread,price_scale,21,balanced,3,q4_weighted_ideal_distance_over_cost_balanced_renewable_policies,normal_joint_baseline,normal_baseline,,,1.0,,completed,4,1,2400,1,False,True,aaf7c6d4f737732e6b7864e35116a9e11b53e6c9b8f9c5692462b8ba2b980922,12e74d7168d830a1474f2bad4e4b507382483f249a288302db295ee09c5cab74,16985,alternating_improved,-454214008.1726912,0.0,17.045613483031918,0.007533791479814699,1.0,1.0,1926.0,12.0,8.31964,0.6931487106440015,0.0,0.0,21969.60423227233,21969.60423227233,0.0,21969.60423227233,0.0,1471314.7023785827,False,inactive_zero_purchase_or_reference_level,1,True,scenario-feasible,no_improvement,SearchSignal_CNY_per_MWh,ElectricityPrice_CNY_per_MWh,bfb3ea477abdff79335c7bd46cbb45656b7888a9943803711ca0eac87e7888cd,False,none
price_spread,price_scale,21,balanced,3,q4_weighted_ideal_distance_over_cost_balanced_renewable_policies,normal_joint_baseline,normal_baseline,,,1.25,,completed,2,0,1200,1,False,True,15a813da95bb928ebcad749613c5244fae1f40eb0831119be5fd9bf87ecb0e15,7da4b3976663d40cdcacd923f71e28191017df58c1f9a1f26df7468da17c34e8,16924,searched_no_improvement,-454174024.61707526,0.0,16.998674454065213,0.007548541025855424,1.0,1.0,1926.0,12.0,8.28708,0.6931311766649338,0.0,0.0,22150.241246509893,22150.241246509893,0.0,22150.241246509893,0.0,1471148.3663985804,False,inactive_zero_purchase_or_reference_level,1,True,scenario-feasible,no_improvement,SearchSignal_CNY_per_MWh,ElectricityPrice_CNY_per_MWh,bfb3ea477abdff79335c7bd46cbb45656b7888a9943803711ca0eac87e7888cd,False,none
sell_mechanism,sell_scale,21,balanced,3,q4_weighted_ideal_distance_over_cost_balanced_renewable_policies,normal_joint_baseline,normal_baseline,,,0.0,,completed,3,1,1800,1,False,True,0360f7c6a8acd079bf26160f60349b124ddc0b1c1aeb5414fedb458819cfe9f2,b641b0099fcb1c1e1feb7b64849aea7a3be2bcb38f659ab3668087abb8790dc8,16991,alternating_improved,0.0,0.0,17.051491028137324,0.007538209885277262,1.0,1.0,1926.0,12.0,8.28872,0.6931462783150688,0.0,0.0,21923.957187496257,21923.957187496257,0.0,21923.957187496257,0.0,1471271.7911261083,True,sell_price_active,1,True,scenario-feasible,no_improvement,SearchSignal_CNY_per_MWh,ElectricityPrice_CNY_per_MWh,bfb3ea477abdff79335c7bd46cbb45656b7888a9943803711ca0eac87e7888cd,False,none
sell_mechanism,sell_scale,21,balanced,3,q4_weighted_ideal_distance_over_cost_balanced_renewable_policies,normal_joint_baseline,normal_baseline,,,0.5,,completed,2,0,1200,1,False,True,15a813da95bb928ebcad749613c5244fae1f40eb0831119be5fd9bf87ecb0e15,6ac59a6073f81248652327395b49fc6511398a7771e3579c3cefc5140d660886,16924,searched_no_improvement,-227087012.30853763,0.0,16.998674454065213,0.007548541025855424,1.0,1.0,1926.0,12.0,8.28708,0.693131176664934,0.0,0.0,22164.523574843228,22164.523574843228,0.0,22164.523574843228,0.0,1471148.3663985804,True,sell_price_active,1,True,scenario-feasible,no_improvement,SearchSignal_CNY_per_MWh,ElectricityPrice_CNY_per_MWh,bfb3ea477abdff79335c7bd46cbb45656b7888a9943803711ca0eac87e7888cd,False,none
sell_mechanism,sell_scale,21,balanced,3,q4_weighted_ideal_distance_over_cost_balanced_renewable_policies,normal_joint_baseline,normal_baseline,,,1.0,,completed,2,0,1200,1,False,True,15a813da95bb928ebcad749613c5244fae1f40eb0831119be5fd9bf87ecb0e15,7da4b3976663d40cdcacd923f71e28191017df58c1f9a1f26df7468da17c34e8,16924,searched_no_improvement,-454174024.61707526,0.0,16.998674454065213,0.007548541025855424,1.0,1.0,1926.0,12.0,8.28708,0.6931311766649338,0.0,0.0,22150.241246509893,22150.241246509893,0.0,22150.241246509893,0.0,1471148.3663985804,False,inactive_zero_export_or_reference_level,1,True,scenario-feasible,no_improvement,SearchSignal_CNY_per_MWh,ElectricityPrice_CNY_per_MWh,bfb3ea477abdff79335c7bd46cbb45656b7888a9943803711ca0eac87e7888cd,False,none
renewable_level,renewable_scale,21,renewable_max,3,q4_weighted_ideal_distance_over_cost_balanced_renewable_policies,normal_joint_baseline,normal_baseline,,,0.8,,completed,8,8,4800,1,False,True,96202fb64f8891deb0dfd31af4e9a58994b77f1d252fa8a9ce51720ef703884a,0a7996f66ad5ae081f9fde2516a348d2b653cece74f63d929bb90a4e0b406697,17416,alternating_improved,-409270798.5328294,6473.673933443414,17.51437406725896,0.006198648760201083,1.0,1.0,1926.0,12.0,10.27044,0.8494352812651078,205.97993998999752,205.97993998999752,126387.0133890685,126387.0133890685,11130.783915799933,115256.22947326857,10434.96856376995,1294316.927566586,True,renewable_supply_perturbation_active,1,True,scenario-feasible,max_iterations_reached,SearchSignal_CNY_per_MWh,ElectricityPrice_CNY_per_MWh,bfb3ea477abdff79335c7bd46cbb45656b7888a9943803711ca0eac87e7888cd,False,none
renewable_level,renewable_scale,21,balanced,3,q4_weighted_ideal_distance_over_cost_balanced_renewable_policies,normal_joint_baseline,normal_baseline,,,1.0,,completed,2,0,1200,1,False,True,15a813da95bb928ebcad749613c5244fae1f40eb0831119be5fd9bf87ecb0e15,7da4b3976663d40cdcacd923f71e28191017df58c1f9a1f26df7468da17c34e8,16924,searched_no_improvement,-454174024.61707526,0.0,16.998674454065213,0.007548541025855424,1.0,1.0,1926.0,12.0,8.28708,0.6931311766649338,0.0,0.0,22150.241246509893,22150.241246509893,0.0,22150.241246509893,0.0,1471148.3663985804,False,reference_renewable_level_no_perturbation,1,True,scenario-feasible,no_improvement,SearchSignal_CNY_per_MWh,ElectricityPrice_CNY_per_MWh,bfb3ea477abdff79335c7bd46cbb45656b7888a9943803711ca0eac87e7888cd,False,none
renewable_level,renewable_scale,21,balanced,3,q4_weighted_ideal_distance_over_cost_balanced_renewable_policies,normal_joint_baseline,normal_baseline,,,1.2,,completed,2,0,1200,1,False,True,15a813da95bb928ebcad749613c5244fae1f40eb0831119be5fd9bf87ecb0e15,3a32d64cff8e1292ffece1483680ecae2c9b3a3680ac8b10b7d28ada072ddf46,16924,searched_no_improvement,-459158006.41751313,0.0,16.998674454065213,0.007548541025855424,1.0,1.0,1926.0,12.0,8.28708,0.5784132323041261,0.0,0.0,1354.1093216199934,1354.1093216199934,0.0,1354.1093216199934,0.0,1491516.2439029268,True,renewable_supply_perturbation_active,1,True,scenario-feasible,no_improvement,SearchSignal_CNY_per_MWh,ElectricityPrice_CNY_per_MWh,bfb3ea477abdff79335c7bd46cbb45656b7888a9943803711ca0eac87e7888cd,False,none
renewable_volatility,seed,21,balanced,3,q4_weighted_ideal_distance_over_cost_balanced_renewable_policies,normal_joint_baseline,normal_baseline,,,2026.0,2026.0,completed,8,7,4800,1,False,True,4526789020a46f9c25dd597ea39e5c6434e38963c6dbf00ceb6e7c20ce80412a,4e009bb7bae5bdbbb893ff470bdcb436b650c37d54220f9b0ce45648d0424489,17330,alternating_improved,-451946048.218297,1695.1011382717404,17.599582023001645,0.006682232144237731,1.0,1.0,1926.0,12.0,9.19446,0.6935339437759072,294.7860816409422,294.7860816409422,33767.872423199726,33767.872423199726,5055.811217442681,28712.061205757043,2730.2795560786844,1469664.5444225678,True,renewable_volatility_perturbation_active,1,True,scenario-feasible,max_iterations_reached,SearchSignal_CNY_per_MWh,ElectricityPrice_CNY_per_MWh,bfb3ea477abdff79335c7bd46cbb45656b7888a9943803711ca0eac87e7888cd,False,none
renewable_volatility,seed,21,balanced,3,q4_weighted_ideal_distance_over_cost_balanced_renewable_policies,normal_joint_baseline,normal_baseline,,,2027.0,2027.0,completed,8,7,4800,1,False,True,ad394dff499c6122cdc42e0c472bb3e012d57ffeb5b3e185c281f2c0385cb6bd,f64e29d07ce9f218f7e281e287f3fdbb8538d9ef76adb46b5b9fb515469f0e1b,17381,alternating_improved,-451563379.35522264,1716.0711907563991,17.65859854849638,0.006829996477582192,1.0,1.0,2190.0,12.0,9.06348,0.6933633904018379,320.78305174453857,320.78305174453857,35507.512475174386,35507.512475174386,4902.729609849981,30604.7828653244,2769.7959989005385,1467619.8569544982,True,renewable_volatility_perturbation_active,1,True,scenario-feasible,max_iterations_reached,SearchSignal_CNY_per_MWh,ElectricityPrice_CNY_per_MWh,bfb3ea477abdff79335c7bd46cbb45656b7888a9943803711ca0eac87e7888cd,False,none
renewable_volatility,seed,21,balanced,3,q4_weighted_ideal_distance_over_cost_balanced_renewable_policies,normal_joint_baseline,normal_baseline,,,2028.0,2028.0,completed,8,7,4800,1,False,True,18b2f9c6b976cd833b11573bccbd9e0daccad0a67d151de5fc63d7d3e7c6b37b,5f42828b763b6f4c4689fe54592c4fc80306850c5a011faac3b541e0fd81d8cb,17373,alternating_improved,-451904214.2016779,1351.7798379807887,17.605709860890684,0.006872223833278218,1.0,1.0,1947.0,12.0,9.00188,0.6935043178490842,241.89571497235818,241.89571497235818,33457.92052762836,33457.92052762836,3956.6770327787117,29501.24349484964,2189.451825536992,1468614.3895063628,True,renewable_volatility_perturbation_active,1,True,scenario-feasible,max_iterations_reached,SearchSignal_CNY_per_MWh,ElectricityPrice_CNY_per_MWh,bfb3ea477abdff79335c7bd46cbb45656b7888a9943803711ca0eac87e7888cd,False,none
